episode_id,split,scene_id,route_bucket,terrain,tree_density,lighting,anchor_count,collision_free_fraction,conservative_safe_fraction,goal_progress_fraction,corridor_adherence_fraction,accepted_action_fraction,any_sample_accepted_fraction,sample_safe_probability,ADE_m,FDE_m,minimum_clearance_m,maximum_consecutive_unsafe,nominal_proxy_success
train_scene_000_episode_000,train,train_scene_000,short,gentle,medium,normal,9,1.0,0.6666666666666666,1.0,0.8888888888888888,0.8888888888888888,0.8888888888888888,0.8611111111111112,0.2311146906385845,0.506960162740834,0.018533907481515954,0,True
train_scene_000_episode_001,train,train_scene_000,medium,gentle,medium,normal,14,1.0,1.0,0.9285714285714286,0.9285714285714286,0.9285714285714286,1.0,0.9910714285714286,0.21174739256031153,0.42074604162211576,0.208843629390761,0,True
train_scene_000_episode_002,train,train_scene_000,medium,gentle,medium,normal,13,0.8461538461538461,0.7692307692307693,0.9230769230769231,0.9230769230769231,0.7692307692307693,0.8461538461538461,0.8461538461538461,0.17047703635725892,0.3824420427929119,-0.33295891491456914,2,False
train_scene_000_episode_003,train,train_scene_000,long,gentle,medium,normal,25,0.84,0.76,1.0,0.88,0.8,0.92,0.855,0.18370751738917634,0.39412799709187224,-0.6602934688508073,3,False
train_scene_000_episode_004,train,train_scene_000,long,gentle,medium,normal,25,1.0,0.88,1.0,1.0,1.0,1.0,0.97,0.13809494200399713,0.3039027025741295,0.017705364941281554,0,True
train_scene_001_episode_000,train,train_scene_001,short,flat,low,bright,8,1.0,1.0,1.0,1.0,0.875,1.0,1.0,0.20518334111875697,0.47438128703825105,0.25357681955320704,0,True
train_scene_001_episode_001,train,train_scene_001,short,flat,low,bright,8,1.0,1.0,0.75,0.875,0.75,1.0,1.0,0.32318476891285053,0.7483143757659088,0.19645338281561858,0,False
train_scene_001_episode_002,train,train_scene_001,medium,flat,low,bright,18,0.9444444444444444,0.8333333333333334,1.0,1.0,0.9444444444444444,1.0,0.8819444444444444,0.17321294030244772,0.36438629688840773,-0.2688668122247372,1,False
train_scene_001_episode_003,train,train_scene_001,medium,flat,low,bright,15,0.8666666666666667,0.8666666666666667,0.9333333333333333,1.0,0.8,0.8,0.875,0.17378210988912532,0.35891730545213707,-0.43647199080603666,2,False
train_scene_001_episode_004,train,train_scene_001,long,flat,low,bright,23,1.0,0.9130434782608695,0.9565217391304348,0.9565217391304348,0.9565217391304348,1.0,0.9728260869565217,0.13427702317083567,0.2886699024724962,0.07040147773600713,0,True
train_scene_002_episode_000,train,train_scene_002,short,moderate,medium,dim,7,1.0,0.8571428571428571,0.8571428571428571,1.0,0.8571428571428571,1.0,1.0,0.24637549514800122,0.49352359263303924,0.14324978132920457,0,True
train_scene_002_episode_001,train,train_scene_002,medium,moderate,medium,dim,18,1.0,1.0,0.8333333333333334,0.9444444444444444,0.6666666666666666,0.9444444444444444,1.0,0.3547195362488378,0.7609239576462113,0.20621033882189982,0,False
train_scene_002_episode_002,train,train_scene_002,medium,moderate,medium,dim,20,0.9,0.8,0.9,0.9,0.8,0.95,0.9125,0.2732937607216371,0.5922761029976156,-0.1532791861881751,2,False
train_scene_002_episode_003,train,train_scene_002,long,moderate,medium,dim,22,0.9090909090909091,0.9090909090909091,0.8181818181818182,0.8636363636363636,0.6818181818181818,0.9545454545454546,0.9147727272727273,0.24619006599314017,0.5436846624412562,-0.37573168384377487,2,False
train_scene_002_episode_004,train,train_scene_002,long,moderate,medium,dim,24,0.9166666666666666,0.6666666666666666,0.875,0.9583333333333334,0.75,0.8333333333333334,0.9322916666666666,0.2551271843273139,0.528055519659787,-0.424083440680038,1,False
train_scene_003_episode_000,train,train_scene_003,short,gentle,high,bright,11,0.9090909090909091,0.9090909090909091,1.0,1.0,0.8181818181818182,1.0,0.9090909090909091,0.1723145150485663,0.38726661361896925,-0.14781344333198998,1,False
train_scene_003_episode_001,train,train_scene_003,short,gentle,high,bright,12,0.8333333333333334,0.8333333333333334,1.0,0.9166666666666666,0.75,1.0,0.8645833333333334,0.22140437160268242,0.4838260922015949,-0.15940739527203057,1,False
train_scene_003_episode_002,train,train_scene_003,medium,gentle,high,bright,17,0.8235294117647058,0.6470588235294118,0.8823529411764706,0.8235294117647058,0.7058823529411765,0.8235294117647058,0.8455882352941176,0.2212750049994281,0.496082707159714,-0.42119449586087543,2,False
train_scene_003_episode_003,train,train_scene_003,medium,gentle,high,bright,15,0.8666666666666667,0.6,1.0,1.0,0.8666666666666667,0.9333333333333333,0.8666666666666667,0.15097454500331164,0.3171965197007998,-0.11213545413362086,1,False
train_scene_003_episode_004,train,train_scene_003,long,gentle,high,bright,24,0.8333333333333334,0.7916666666666666,1.0,0.9166666666666666,0.75,0.9166666666666666,0.8697916666666666,0.1541592532301857,0.33408138497308343,-0.2680617833954967,2,False
train_scene_004_episode_000,train,train_scene_004,short,flat,high,normal,10,1.0,0.9,0.6,0.9,0.5,0.8,0.975,0.4342718669515156,0.9173344255274944,0.13300616218122657,0,False
train_scene_004_episode_001,train,train_scene_004,medium,flat,high,normal,15,1.0,0.7333333333333333,0.9333333333333333,0.6666666666666666,0.6666666666666666,0.8,0.975,0.2362815968849896,0.5086769954710901,0.007118264040764655,0,False
train_scene_004_episode_002,train,train_scene_004,medium,flat,high,normal,13,0.7692307692307693,0.6923076923076923,1.0,1.0,0.7692307692307693,0.9230769230769231,0.8365384615384616,0.1409733928891583,0.31576598770892567,-0.08299030490940235,2,False
train_scene_004_episode_003,train,train_scene_004,long,flat,high,normal,26,0.8076923076923077,0.7692307692307693,0.9615384615384616,0.9615384615384616,0.7692307692307693,0.9230769230769231,0.8605769230769231,0.16004024683749601,0.3137064306946328,-0.20131371610521193,3,False
train_scene_004_episode_004,train,train_scene_004,long,flat,high,normal,26,0.9615384615384616,0.8076923076923077,0.9615384615384616,0.8076923076923077,0.7692307692307693,0.9230769230769231,0.9663461538461539,0.17093613063076513,0.36567513409391866,-0.10496526576682991,1,True
train_scene_005_episode_000,train,train_scene_005,short,moderate,low,normal,11,0.8181818181818182,0.5454545454545454,0.6363636363636364,0.9090909090909091,0.5454545454545454,0.6363636363636364,0.7272727272727273,0.37034628480616,0.7730164607390446,-0.49271610009138517,2,False
train_scene_005_episode_001,train,train_scene_005,short,moderate,low,normal,10,1.0,0.7,1.0,1.0,1.0,1.0,0.975,0.11476653538582035,0.24427538023138778,0.00697454326580127,0,True
train_scene_005_episode_002,train,train_scene_005,medium,moderate,low,normal,20,0.85,0.7,0.75,0.9,0.6,1.0,0.85625,0.32234963714672427,0.6701131489171772,-0.3259118962871779,1,False
train_scene_005_episode_003,train,train_scene_005,medium,moderate,low,normal,16,0.875,0.6875,0.9375,0.875,0.75,0.9375,0.8828125,0.24510438157916076,0.5152955572066455,-0.15584963008620295,1,False
train_scene_005_episode_004,train,train_scene_005,long,moderate,low,normal,27,0.9629629629629629,0.8888888888888888,0.9629629629629629,0.9629629629629629,0.9259259259259259,0.9629629629629629,0.9722222222222222,0.18743938691535753,0.3751850811243113,-0.020409951502658563,1,True
train_scene_006_episode_000,train,train_scene_006,short,gentle,high,dim,11,0.9090909090909091,0.9090909090909091,1.0,0.9090909090909091,0.8181818181818182,1.0,0.8522727272727273,0.2572575371569928,0.5797026617994571,-0.49820326563273565,1,False
train_scene_006_episode_001,train,train_scene_006,medium,gentle,high,dim,21,1.0,0.8571428571428571,1.0,0.9047619047619048,0.9047619047619048,0.9523809523809523,0.9821428571428571,0.18188352276196684,0.3434395782188827,0.04362997918925021,0,True
train_scene_006_episode_002,train,train_scene_006,medium,gentle,high,dim,18,1.0,0.8888888888888888,1.0,0.9444444444444444,0.8333333333333334,1.0,0.9791666666666666,0.2155401922864322,0.44660258046505913,0.026431578661144595,0,True
train_scene_006_episode_003,train,train_scene_006,long,gentle,high,dim,25,1.0,1.0,1.0,0.96,0.96,1.0,0.995,0.17959341036987625,0.3502760146712358,0.23424037675969672,0,True
train_scene_006_episode_004,train,train_scene_006,long,gentle,high,dim,26,0.8076923076923077,0.5769230769230769,0.8461538461538461,0.8846153846153846,0.5769230769230769,0.8846153846153846,0.8221153846153846,0.26623210670380965,0.5773414775645793,-0.2496523567410096,3,False
train_scene_007_episode_000,train,train_scene_007,short,flat,medium,normal,8,0.875,0.75,0.75,0.75,0.625,0.75,0.828125,0.21862073896051948,0.4997734447084131,-0.04402921874014404,1,False
train_scene_007_episode_001,train,train_scene_007,short,flat,medium,normal,11,1.0,1.0,0.9090909090909091,0.9090909090909091,0.8181818181818182,0.9090909090909091,0.9772727272727273,0.19778213432289957,0.40333095778692757,0.1638478516202801,0,True
train_scene_007_episode_002,train,train_scene_007,medium,flat,medium,normal,21,0.7619047619047619,0.6666666666666666,1.0,0.9523809523809523,0.7619047619047619,0.8095238095238095,0.75,0.20104884179827412,0.38031190677990073,-0.37081635774412813,4,False
train_scene_007_episode_003,train,train_scene_007,medium,flat,medium,normal,18,0.7222222222222222,0.7222222222222222,1.0,0.8888888888888888,0.6666666666666666,0.9444444444444444,0.8194444444444444,0.17354425101307724,0.4134264715212699,-0.27884607045013493,3,False
train_scene_007_episode_004,train,train_scene_007,long,flat,medium,normal,23,1.0,0.6956521739130435,1.0,0.8695652173913043,0.8695652173913043,0.9565217391304348,0.9347826086956522,0.23529563258920816,0.4460510456689565,0.02479768517190034,0,True
train_scene_008_episode_000,train,train_scene_008,short,moderate,low,bright,8,0.75,0.5,1.0,1.0,0.75,0.75,0.65625,0.1799172255324964,0.365960779921893,-0.38198386756127,2,False
train_scene_008_episode_001,train,train_scene_008,medium,moderate,low,bright,13,0.9230769230769231,0.7692307692307693,0.9230769230769231,0.8461538461538461,0.7692307692307693,0.8461538461538461,0.8557692307692307,0.1955194459041731,0.4130384627722808,-0.04560708557382315,1,False
train_scene_008_episode_002,train,train_scene_008,medium,moderate,low,bright,19,0.9473684210526315,0.8421052631578947,0.8947368421052632,0.8421052631578947,0.7894736842105263,0.8947368421052632,0.9342105263157895,0.25337592063384823,0.5135925598122185,-0.5456509063524295,1,False
train_scene_008_episode_003,train,train_scene_008,long,moderate,low,bright,28,0.9285714285714286,0.8928571428571429,0.9642857142857143,0.9642857142857143,0.8928571428571429,0.9642857142857143,0.9375,0.15347078692525065,0.30127004763179716,-0.14529570495032984,2,False
train_scene_008_episode_004,train,train_scene_008,long,moderate,low,bright,22,1.0,0.9545454545454546,0.9090909090909091,0.8181818181818182,0.7727272727272727,0.9545454545454546,0.9431818181818182,0.23632699014462347,0.49209203482067565,0.003686749335154671,0,True
train_scene_009_episode_000,train,train_scene_009,short,gentle,medium,dim,8,0.5,0.5,0.875,0.75,0.25,0.75,0.546875,0.29026845127473955,0.6733250036997478,-0.3643177443977331,3,False
train_scene_009_episode_001,train,train_scene_009,short,gentle,medium,dim,11,0.9090909090909091,0.8181818181818182,0.7272727272727273,0.8181818181818182,0.6363636363636364,0.9090909090909091,0.8863636363636364,0.3270865845488662,0.7535092939663971,-0.03418671178321947,1,False
train_scene_009_episode_002,train,train_scene_009,medium,gentle,medium,dim,18,1.0,0.9444444444444444,1.0,1.0,1.0,1.0,0.9513888888888888,0.21098990473022572,0.382317959801462,0.0944133506438129,0,True
train_scene_009_episode_003,train,train_scene_009,medium,gentle,medium,dim,18,0.9444444444444444,0.7777777777777778,0.8888888888888888,1.0,0.8333333333333334,0.9444444444444444,0.9861111111111112,0.21894288706205986,0.4530746764562199,-0.5258302711334084,1,False
train_scene_009_episode_004,train,train_scene_009,long,gentle,medium,dim,25,0.96,0.92,0.96,0.84,0.76,1.0,0.975,0.22397878917082703,0.4669680961661858,-0.18786326577610782,1,True
validation_scene_000_episode_000,validation,validation_scene_000,short,flat,medium,dim,10,0.8,0.5,1.0,0.9,0.8,0.9,0.675,0.14195033578197466,0.31070129149434256,-0.5570233104376325,2,False
validation_scene_000_episode_001,validation,validation_scene_000,medium,flat,medium,dim,15,0.8666666666666667,0.6,1.0,1.0,0.8666666666666667,1.0,0.8333333333333334,0.10829056233517674,0.22666983618640552,-0.2262920273306923,2,False
validation_scene_000_episode_002,validation,validation_scene_000,medium,flat,medium,dim,20,0.95,0.85,0.95,0.95,0.9,1.0,0.8875,0.15243732139925475,0.33587875425888336,-0.22498549379186566,1,True
validation_scene_000_episode_003,validation,validation_scene_000,long,flat,medium,dim,27,0.9629629629629629,0.8888888888888888,1.0,0.9629629629629629,0.9259259259259259,1.0,0.9490740740740741,0.14124432009417348,0.30872829721134337,-0.10098712059775983,1,True
validation_scene_000_episode_004,validation,validation_scene_000,long,flat,medium,dim,28,0.7142857142857143,0.6785714285714286,0.6785714285714286,0.9285714285714286,0.4642857142857143,0.75,0.8035714285714286,0.3848411187686636,0.8140849306459138,-0.44262054607704765,3,False
validation_scene_001_episode_000,validation,validation_scene_001,short,moderate,high,bright,11,0.5454545454545454,0.5454545454545454,0.6363636363636364,0.7272727272727273,0.45454545454545453,0.9090909090909091,0.625,0.4287690967538855,0.9264249054422627,-0.42208842386191914,5,False
validation_scene_001_episode_001,validation,validation_scene_001,short,moderate,high,bright,9,0.8888888888888888,0.7777777777777778,0.7777777777777778,1.0,0.6666666666666666,0.8888888888888888,0.8611111111111112,0.27092777479121644,0.5997950715968726,-0.26519356875645117,1,False
validation_scene_001_episode_002,validation,validation_scene_001,medium,moderate,high,bright,17,0.7647058823529411,0.5882352941176471,0.8823529411764706,0.7647058823529411,0.5294117647058824,0.7647058823529411,0.75,0.2609621853590562,0.5962750199655702,-0.39288622837616194,2,False
validation_scene_001_episode_003,validation,validation_scene_001,medium,moderate,high,bright,13,0.8461538461538461,0.46153846153846156,0.8461538461538461,0.9230769230769231,0.6923076923076923,0.9230769230769231,0.7884615384615384,0.2578123454856137,0.5342410891611944,-0.16326187687216426,1,False
validation_scene_001_episode_004,validation,validation_scene_001,long,moderate,high,bright,24,0.8333333333333334,0.6666666666666666,0.9583333333333334,0.8333333333333334,0.7083333333333334,0.875,0.7552083333333334,0.2966459774327377,0.6073776830178347,-0.43056656624642353,3,False
test_scene_000_episode_000,test,test_scene_000,short,gentle,low,bright,11,0.9090909090909091,0.9090909090909091,0.7272727272727273,0.9090909090909091,0.6363636363636364,0.7272727272727273,0.8409090909090909,0.3495647331627312,0.734849626260981,-0.2369254522187334,1,False
test_scene_000_episode_001,test,test_scene_000,medium,gentle,low,bright,17,0.8235294117647058,0.7647058823529411,0.8823529411764706,1.0,0.7058823529411765,0.8235294117647058,0.8455882352941176,0.2614133983793063,0.5172287576608046,-0.10031173376388136,2,False
test_scene_000_episode_002,test,test_scene_000,medium,gentle,low,bright,16,0.9375,0.75,1.0,0.9375,0.9375,0.9375,0.8984375,0.2115555033550774,0.4081097067365643,-0.07188237160426841,1,False
test_scene_000_episode_003,test,test_scene_000,long,gentle,low,bright,22,1.0,0.9545454545454546,1.0,0.9545454545454546,0.9545454545454546,1.0,0.9943181818181818,0.13435828805466302,0.2856701512720606,0.10318606530626445,0,True
test_scene_000_episode_004,test,test_scene_000,long,gentle,low,bright,23,0.7391304347826086,0.6521739130434783,0.9130434782608695,0.9565217391304348,0.7391304347826086,0.8260869565217391,0.7391304347826086,0.2591332073192113,0.522153655957082,-0.4609909589650486,4,False
test_scene_001_episode_000,test,test_scene_001,short,moderate,high,normal,9,0.4444444444444444,0.3333333333333333,0.6666666666666666,0.3333333333333333,0.2222222222222222,0.6666666666666666,0.5,0.5074062253072312,1.0884860012087092,-0.5059010372047693,3,False
test_scene_001_episode_001,test,test_scene_001,short,moderate,high,normal,8,0.625,0.25,0.875,1.0,0.375,0.75,0.609375,0.39369068199382906,0.8058715070087599,-0.48107099608441206,1,False
test_scene_001_episode_002,test,test_scene_001,medium,moderate,high,normal,18,0.9444444444444444,0.8333333333333334,0.9444444444444444,0.9444444444444444,0.8888888888888888,1.0,0.9444444444444444,0.18649484012581047,0.38914322329421824,-0.2707653311015914,1,False
test_scene_001_episode_003,test,test_scene_001,medium,moderate,high,normal,19,0.8421052631578947,0.7368421052631579,1.0,1.0,0.8421052631578947,1.0,0.8552631578947368,0.1406048084932176,0.2687376506644011,-0.10630620392572804,3,False
test_scene_001_episode_004,test,test_scene_001,long,moderate,high,normal,26,0.9230769230769231,0.7692307692307693,1.0,1.0,0.9230769230769231,0.9615384615384616,0.9038461538461539,0.14969599808609704,0.3130537560346902,-0.3032204714354553,2,False
