timestamp_s,x_m,y_m,z_m,qx,qy,qz,qw,vx_mps,vy_mps,vz_mps,wx_radps,wy_radps,wz_radps,cmd_v_mps,cmd_w_radps
0.02000000,7.82453632,2.22468662,-0.02860090,0.02004598,0.01238878,0.89640802,-0.44260290,-0.00971843,-0.01268814,0.00075049,-0.00070672,-0.00113076,-0.02826893,0.01600000,-0.02830036
0.04000000,7.82419586,2.22424269,-0.02857463,0.02004257,0.01239428,0.89652956,-0.44235668,-0.01945081,-0.02536559,0.00150089,-0.00067817,-0.00108507,-0.02712676,0.03200000,-0.02715692
0.06000000,7.82366085,2.22354531,-0.02853336,0.02003931,0.01239956,0.89664620,-0.44212016,-0.02919631,-0.03803298,0.00225123,-0.00065139,-0.00104224,-0.02605589,0.04800000,-0.02608486
0.08000000,7.82293034,2.22259474,-0.02847708,0.02003616,0.01240464,0.89675826,-0.44189283,-0.03895415,-0.05069088,0.00300149,-0.00062629,-0.00100206,-0.02505160,0.06400000,-0.02507945
0.10000000,7.82200480,2.22139120,-0.02840580,0.02003313,0.01240953,0.89686602,-0.44167405,-0.04872363,-0.06333981,0.00375168,-0.00060274,-0.00096438,-0.02410959,0.08000000,-0.02413640
0.12000000,7.82088375,2.21993494,-0.02831951,0.02003022,0.01241423,0.89696980,-0.44146332,-0.05850412,-0.07598028,0.00450181,-0.00058065,-0.00092904,-0.02322597,0.09600000,-0.02325179
0.14000000,7.81956673,2.21822572,-0.02821822,0.02002783,0.01241808,0.89705461,-0.44129100,-0.06828890,-0.08861740,0.00525191,-0.00038830,-0.00062129,-0.01553218,0.11200000,-0.01554945
0.16000000,7.81805420,2.21626377,-0.02810194,0.02002595,0.01242111,0.89712137,-0.44115517,-0.07807516,-0.10125338,0.00600201,-0.00037418,-0.00059870,-0.01496744,0.12800001,-0.01498408
0.18000000,7.81634569,2.21404934,-0.02797064,0.02002414,0.01242404,0.89718580,-0.44102421,-0.08786784,-0.11388437,0.00675207,-0.00036086,-0.00057738,-0.01443441,0.14399999,-0.01445046
0.20000000,7.81444168,2.21158218,-0.02782435,0.02002239,0.01242686,0.89724791,-0.44089782,-0.09766663,-0.12651066,0.00750209,-0.00034828,-0.00055725,-0.01393135,0.16000000,-0.01394684
0.22000000,7.81234121,2.20886254,-0.02766306,0.02002070,0.01242958,0.89730787,-0.44077575,-0.10747120,-0.13913247,0.00825207,-0.00033641,-0.00053827,-0.01345662,0.17600000,-0.01347158
0.24000000,7.81004477,2.20589066,-0.02748677,0.02001906,0.01243221,0.89736581,-0.44065776,-0.11728127,-0.15175001,0.00900203,-0.00032522,-0.00052035,-0.01300873,0.19200000,-0.01302320
0.26000000,7.80755186,2.20266652,-0.02729548,0.02001748,0.01243476,0.89742184,-0.44054365,-0.12709656,-0.16436350,0.00975195,-0.00031466,-0.00050345,-0.01258632,0.20800000,-0.01260031
0.28000000,7.80486250,2.19919014,-0.02709324,0.01891852,0.01019551,0.89750153,-0.44048738,-0.13691461,-0.17702505,0.00961874,-0.00030476,-0.00042666,-0.01219039,0.22400001,-0.01220166
0.30000000,7.80197668,2.19546056,-0.02689056,0.01891730,0.01019777,0.89755410,-0.44038031,-0.14673951,-0.18963467,0.01030570,-0.00029543,-0.00041360,-0.01181707,0.23999999,-0.01182799
0.32000000,7.79889441,2.19147873,-0.02667414,0.01891623,0.01019990,0.89760506,-0.44027641,-0.15656902,-0.20224071,0.01099268,-0.00028670,-0.00040137,-0.01146780,0.25600001,-0.01147841
0.34000000,7.79561567,2.18724489,-0.02644399,0.01891508,0.01020203,0.89765453,-0.44017550,-0.16640294,-0.21484332,0.01167962,-0.00027850,-0.00038989,-0.01113983,0.27200001,-0.01115013
0.36000000,7.79214001,2.18275905,-0.02620009,0.01891397,0.01020410,0.89770263,-0.44007739,-0.17624111,-0.22744261,0.01236655,-0.00027081,-0.00037913,-0.01083230,0.28799999,-0.01084232
0.38000000,7.78846741,2.17802119,-0.02594246,0.01891288,0.01020611,0.89774942,-0.43998194,-0.18608339,-0.24003871,0.01305347,-0.00026361,-0.00036906,-0.01054449,0.30399999,-0.01055424
0.40000000,7.78459835,2.17303157,-0.02567108,0.01891182,0.01020807,0.89779502,-0.43988889,-0.19592966,-0.25263169,0.01374039,-0.00025690,-0.00035965,-0.01027574,0.31999999,-0.01028524
0.42000000,7.78053188,2.16778994,-0.02538597,0.01891079,0.01020998,0.89783949,-0.43979818,-0.20577981,-0.26522166,0.01442729,-0.00025064,-0.00035089,-0.01002551,0.33600000,-0.01003477
0.44000000,7.77626848,2.16229677,-0.02508712,0.01890978,0.01021185,0.89788288,-0.43970957,-0.21563374,-0.27780867,0.01511419,-0.00024483,-0.00034277,-0.00979333,0.35200000,-0.00980238
0.46000000,7.77180815,2.15655184,-0.02477453,0.01890880,0.01021367,0.89792526,-0.43962294,-0.22549136,-0.29039279,0.01580108,-0.00023947,-0.00033526,-0.00957885,0.36800000,-0.00958770
0.48000000,7.76715040,2.15055513,-0.02444821,0.01890783,0.01021546,0.89796680,-0.43953809,-0.23535264,-0.30297408,0.01648795,-0.00023455,-0.00032836,-0.00938182,0.38400000,-0.00939050
0.50000000,7.76229525,2.14430714,-0.02410815,0.01890689,0.01021721,0.89800751,-0.43945491,-0.24521752,-0.31555253,0.01717482,-0.00023005,-0.00032207,-0.00920211,0.40000001,-0.00921062
0.52000000,7.75724316,2.13780713,-0.02375435,0.01890626,0.01021836,0.89803439,-0.43939999,-0.25506639,-0.32814339,0.01786173,-0.00007726,-0.00010817,-0.00309044,0.41600001,-0.00309329
0.54000000,7.75199413,2.13105536,-0.02338681,0.01890595,0.01021894,0.89804775,-0.43937266,-0.26489741,-0.34074816,0.01854867,-0.00007550,-0.00010570,-0.00301991,0.43200001,-0.00302270
0.56000000,7.74654865,2.12405133,-0.02300553,0.01890565,0.01021950,0.89806086,-0.43934596,-0.27472946,-0.35335210,0.01923561,-0.00007386,-0.00010340,-0.00295435,0.44800001,-0.00295708
0.58000000,7.74090672,2.11679530,-0.02261052,0.01890535,0.01022005,0.89807367,-0.43931979,-0.28456259,-0.36595523,0.01992255,-0.00007234,-0.00010128,-0.00289369,0.46399999,-0.00289636
0.60000000,7.73506784,2.10928702,-0.02220176,0.01890506,0.01022059,0.89808619,-0.43929413,-0.29439673,-0.37855753,0.02060949,-0.00007095,-0.00009933,-0.00283790,0.47999999,-0.00284052
0.62000000,7.72903252,2.10152698,-0.02177927,0.01890477,0.01022112,0.89809853,-0.43926895,-0.30423194,-0.39115903,0.02129642,-0.00006967,-0.00009754,-0.00278697,0.49599999,-0.00278955
0.64000000,7.72280025,2.09351468,-0.02134303,0.01890449,0.01022164,0.89811063,-0.43924418,-0.31406814,-0.40375975,0.02198336,-0.00006852,-0.00009593,-0.00274093,0.51200002,-0.00274347
0.66000000,7.71637154,2.08525038,-0.02089306,0.01890421,0.01022216,0.89812255,-0.43921980,-0.32390541,-0.41635963,0.02267028,-0.00006750,-0.00009450,-0.00269986,0.52800000,-0.00270235
0.68000000,7.70974588,2.07673430,-0.02042935,0.01890394,0.01022266,0.89813429,-0.43919575,-0.33374372,-0.42895871,0.02335721,-0.00006660,-0.00009324,-0.00266386,0.54400003,-0.00266633
0.70000000,7.70292330,2.06796622,-0.01995190,0.01890367,0.01022316,0.89814591,-0.43917197,-0.34358311,-0.44155696,0.02404414,-0.00006583,-0.00009216,-0.00263312,0.56000000,-0.00263555
0.72000000,7.69590425,2.05894589,-0.01946072,0.01890364,0.01022321,0.89814705,-0.43916976,-0.35340202,-0.45417109,0.02473111,0.00005309,0.00007433,0.00212378,0.57599998,0.00212575
0.74000000,7.68868923,2.04967308,-0.01895579,0.01890386,0.01022281,0.89813775,-0.43918869,-0.36319903,-0.46680230,0.02541813,0.00005247,0.00007345,0.00209864,0.59200001,0.00210058
0.76000000,7.68127823,2.04014754,-0.01843712,0.01890407,0.01022242,0.89812857,-0.43920743,-0.37299520,-0.47943416,0.02610515,0.00005194,0.00007271,0.00207752,0.60799998,0.00207944
0.78000000,7.67367125,2.03036928,-0.01790471,0.01890428,0.01022203,0.89811951,-0.43922600,-0.38279048,-0.49206668,0.02679217,0.00005152,0.00007212,0.00206059,0.62400001,0.00206250
0.80000000,7.66586876,2.02033854,-0.01735857,0.01890449,0.01022164,0.89811051,-0.43924445,-0.39258486,-0.50469995,0.02747919,0.00005120,0.00007168,0.00204806,0.63999999,0.00204995
0.82000000,7.65790701,2.01010227,-0.01680125,0.01890470,0.01022125,0.89810151,-0.43926284,-0.39869782,-0.51260197,0.02790859,0.00005101,0.00007141,0.00204020,0.64999968,0.00204209
0.84000000,7.64993334,1.99985003,-0.01624308,0.01890491,0.01022086,0.89809251,-0.43928117,-0.39867687,-0.51261824,0.02790863,0.00005090,0.00007126,0.00203607,0.64999968,0.00203795
0.86000000,7.64196014,1.98959744,-0.01568491,0.01890512,0.01022048,0.89808357,-0.43929946,-0.39865595,-0.51263452,0.02790868,0.00005088,0.00007123,0.00203515,0.64999968,0.00203704
0.88000000,7.63398743,1.97934437,-0.01512673,0.01890550,0.01021976,0.89806688,-0.43933356,-0.39861581,-0.51266325,0.02790868,0.00013849,0.00019388,0.00553941,0.64999771,0.00554453
0.90000000,7.62601614,1.96909046,-0.01456856,0.01890607,0.01021872,0.89804268,-0.43938303,-0.39855927,-0.51270723,0.02790881,0.00013719,0.00019206,0.00548738,0.64999777,0.00549246
0.92000000,7.61804581,1.95883560,-0.01401038,0.01890662,0.01021768,0.89801872,-0.43943208,-0.39850324,-0.51275086,0.02790893,0.00013605,0.00019046,0.00544183,0.64999783,0.00544686
0.94000000,7.61007643,1.94857991,-0.01345220,0.01890718,0.01021666,0.89799488,-0.43948078,-0.39844757,-0.51279414,0.02790906,0.00013508,0.00018911,0.00540300,0.64999783,0.00540799
0.96000000,7.60210848,1.93832338,-0.01289402,0.01890773,0.01021564,0.89797115,-0.43952918,-0.39839229,-0.51283711,0.02790918,0.00013428,0.00018799,0.00537119,0.64999789,0.00537615
0.98000000,7.59414291,1.92806602,-0.01230658,0.02115022,0.00911438,0.89789742,-0.43960187,-0.39819244,-0.51288033,0.02989656,0.00016038,0.00018711,0.00534603,0.64999789,0.00535171
1.00000000,7.58617973,1.91780782,-0.01170865,0.02115071,0.00911325,0.89787400,-0.43964976,-0.39813769,-0.51292288,0.02989640,0.00015945,0.00018603,0.00531514,0.64999789,0.00532079
1.02000000,7.57821798,1.90754867,-0.01111072,0.02115119,0.00911213,0.89785063,-0.43969741,-0.39808318,-0.51296520,0.02989625,0.00015876,0.00018522,0.00529207,0.64999795,0.00529769
1.04000000,7.57025719,1.89728856,-0.01051281,0.02115188,0.00911052,0.89781719,-0.43976575,-0.39800370,-0.51302415,0.02989593,0.00022716,0.00026502,0.00757200,0.64999574,0.00758004
1.06000000,7.56229830,1.88702714,-0.00991489,0.02115257,0.00910892,0.89778405,-0.43983331,-0.39792645,-0.51308417,0.02989571,0.00022472,0.00026218,0.00749079,0.64999586,0.00749875
1.08000000,7.55434084,1.87676454,-0.00931698,0.02115325,0.00910735,0.89775133,-0.43990022,-0.39784995,-0.51314366,0.02989550,0.00022255,0.00025964,0.00741828,0.64999592,0.00742616
1.10000000,7.54638529,1.86650085,-0.00871907,0.02115392,0.00910578,0.89771879,-0.43996653,-0.39777413,-0.51320249,0.02989528,0.00022064,0.00025742,0.00735477,0.64999598,0.00736258
1.12000000,7.53843069,1.85623586,-0.00812117,0.02115459,0.00910423,0.89768654,-0.44003230,-0.39769885,-0.51326096,0.02989507,0.00021902,0.00025552,0.00730064,0.64999604,0.00730840
1.14000000,7.53047800,1.84596980,-0.00752327,0.02115525,0.00910269,0.89765453,-0.44009769,-0.39762405,-0.51331896,0.02989485,0.00021769,0.00025397,0.00725637,0.64999610,0.00726408
1.16000000,7.52252674,1.83570254,-0.00692538,0.02115591,0.00910116,0.89762264,-0.44016272,-0.39754960,-0.51337665,0.02989464,0.00021668,0.00025279,0.00722253,0.64999616,0.00723020
1.18000000,7.51457691,1.82543409,-0.00632749,0.02115663,0.00909949,0.89758790,-0.44023350,-0.39746764,-0.51343822,0.02989434,0.00025588,0.00029853,0.00852928,0.64999461,0.00853834
1.20000000,7.50662851,1.81516433,-0.00572961,0.02115740,0.00909770,0.89755058,-0.44030958,-0.39738059,-0.51350576,0.02989409,0.00025303,0.00029520,0.00843434,0.64999473,0.00844330
1.22000000,7.49868250,1.80489326,-0.00513173,0.02115816,0.00909592,0.89751369,-0.44038486,-0.39729440,-0.51357257,0.02989384,0.00025047,0.00029222,0.00834900,0.64999485,0.00835786
1.24000000,7.49073792,1.79461944,-0.00456071,0.02006100,0.00685190,0.89750028,-0.44050410,-0.39721671,-0.51377565,0.02732974,0.00024825,0.00024825,0.00827492,0.64999497,0.00828237
1.26000000,7.48279476,1.78434289,-0.00401412,0.02006156,0.00685025,0.89746398,-0.44057801,-0.39713210,-0.51384121,0.02732917,0.00024603,0.00024603,0.00820088,0.64999503,0.00820825
1.28000000,7.47485352,1.77406514,-0.00346755,0.02006212,0.00684861,0.89742804,-0.44065130,-0.39704815,-0.51390618,0.02732860,0.00024412,0.00024412,0.00813735,0.64999509,0.00814467
1.30000000,7.46691370,1.76378596,-0.00292098,0.02006268,0.00684698,0.89739227,-0.44072407,-0.39696476,-0.51397073,0.02732803,0.00024255,0.00024255,0.00808488,0.64999515,0.00809215
1.32000000,7.45897532,1.75350559,-0.00237443,0.02006323,0.00684536,0.89735669,-0.44079649,-0.39688179,-0.51403487,0.02732747,0.00024132,0.00024132,0.00804412,0.64999521,0.00805135
1.34000000,7.45103931,1.74322391,-0.00182789,0.02006381,0.00684365,0.89731908,-0.44087309,-0.39679363,-0.51410228,0.02732685,0.00025483,0.00025483,0.00849430,0.64999467,0.00850194
1.36000000,7.44310474,1.73294091,-0.00128136,0.02006439,0.00684196,0.89728189,-0.44094875,-0.39670691,-0.51416939,0.02732626,0.00025187,0.00025187,0.00839572,0.64999479,0.00840328
1.38000000,7.43517160,1.72265649,-0.00073485,0.02006496,0.00684028,0.89724511,-0.44102362,-0.39662111,-0.51423573,0.02732567,0.00024920,0.00024920,0.00830672,0.64999491,0.00831419
1.40000000,7.42724085,1.71237075,-0.00018834,0.02006553,0.00683863,0.89720869,-0.44109774,-0.39653614,-0.51430142,0.02732510,0.00024683,0.00024683,0.00822759,0.64999503,0.00823499
1.42000000,7.41931105,1.70208383,0.00035815,0.02006609,0.00683698,0.89717251,-0.44117123,-0.39645189,-0.51436651,0.02732452,0.00024476,0.00024476,0.00815874,0.64999509,0.00816608
1.44000000,7.41138363,1.69179547,0.00090463,0.02006664,0.00683535,0.89713669,-0.44124416,-0.39636824,-0.51443106,0.02732395,0.00024302,0.00024302,0.00810065,0.64999515,0.00810794
1.46000000,7.40345716,1.68150592,0.00145110,0.02006719,0.00683373,0.89710104,-0.44131663,-0.39628509,-0.51449519,0.02732338,0.00024162,0.00024162,0.00805392,0.64999521,0.00806116
1.48000000,7.39553261,1.67121506,0.00199756,0.02006787,0.00683206,0.89706576,-0.44138834,-0.39620286,-0.51455879,0.02732293,0.00023775,0.00023774,0.00792481,0.64999539,0.00793194
1.50000000,7.38760996,1.66092288,0.00254401,0.02006841,0.00683049,0.89703101,-0.44145891,-0.39612192,-0.51462126,0.02732238,0.00023484,0.00023484,0.00782788,0.64999551,0.00783492
1.52000000,7.37968874,1.65062952,0.00309045,0.02006894,0.00682893,0.89699668,-0.44152865,-0.39604190,-0.51468301,0.02732183,0.00023219,0.00023219,0.00773967,0.64999557,0.00774663
1.54000000,7.37176895,1.64033496,0.00363688,0.02006946,0.00682738,0.89696270,-0.44159764,-0.39596272,-0.51474404,0.02732129,0.00022981,0.00022981,0.00766043,0.64999568,0.00766732
1.56000000,7.36385107,1.63003922,0.00418330,0.02006998,0.00682585,0.89692909,-0.44166601,-0.39588425,-0.51480454,0.02732075,0.00022772,0.00022772,0.00759049,0.64999574,0.00759732
1.58000000,7.35593462,1.61974216,0.00472971,0.02007050,0.00682433,0.89689565,-0.44173381,-0.39580640,-0.51486450,0.02732021,0.00022591,0.00022591,0.00753025,0.64999580,0.00753703
1.60000000,7.34801960,1.60944402,0.00527610,0.02007101,0.00682283,0.89686251,-0.44180110,-0.39572909,-0.51492405,0.02731968,0.00022441,0.00022441,0.00748020,0.64999586,0.00748693
1.62000000,7.34010601,1.59914470,0.00582249,0.02007147,0.00682132,0.89683062,-0.44186586,-0.39565501,-0.51498169,0.02731911,0.00020873,0.00020873,0.00695755,0.64999640,0.00696381
1.64000000,7.33219385,1.58884418,0.00636886,0.02007194,0.00681993,0.89680010,-0.44192776,-0.39558393,-0.51503640,0.02731862,0.00020602,0.00020602,0.00686725,0.64999652,0.00687343
1.66000000,7.32428360,1.57854271,0.00691523,0.02007241,0.00681856,0.89677000,-0.44198892,-0.39551371,-0.51509047,0.02731814,0.00020353,0.00020353,0.00678441,0.64999658,0.00679051
1.68000000,7.31637430,1.56824005,0.00746158,0.02007287,0.00681721,0.89674020,-0.44204932,-0.39544427,-0.51514393,0.02731766,0.00020128,0.00020128,0.00670923,0.64999670,0.00671526
1.70000000,7.30846643,1.55793643,0.00800793,0.02007332,0.00681587,0.89671069,-0.44210914,-0.39537555,-0.51519680,0.02731718,0.00019926,0.00019926,0.00664195,0.64999676,0.00664792
1.72000000,7.30056000,1.54763162,0.00855427,0.02007377,0.00681454,0.89668149,-0.44216841,-0.39530745,-0.51524913,0.02731671,0.00019749,0.00019749,0.00658286,0.64999682,0.00658879
1.74000000,7.29265451,1.53732586,0.00910059,0.02007422,0.00681323,0.89665252,-0.44222718,-0.39523986,-0.51530105,0.02731624,0.00019597,0.00019597,0.00653236,0.64999688,0.00653823
1.76000000,7.28475094,1.52701914,0.00964691,0.02007466,0.00681192,0.89662373,-0.44228560,-0.39517272,-0.51535261,0.02731577,0.00019473,0.00019473,0.00649089,0.64999688,0.00649673
1.78000000,7.27684832,1.51671135,0.01019322,0.02007505,0.00681077,0.89659840,-0.44233683,-0.39511421,-0.51539844,0.02731539,0.00017054,0.00017054,0.00568467,0.64999759,0.00568978
1.80000000,7.26894712,1.50640273,0.01073952,0.02007543,0.00680964,0.89657348,-0.44238737,-0.39505610,-0.51544309,0.02731499,0.00016832,0.00016832,0.00561060,0.64999765,0.00561565
1.82000000,7.26104689,1.49609315,0.01128582,0.02007581,0.00680852,0.89654887,-0.44243732,-0.39499867,-0.51548719,0.02731458,0.00016628,0.00016628,0.00554268,0.64999771,0.00554766
1.84000000,7.25314760,1.48578286,0.01183210,0.02007619,0.00680742,0.89652449,-0.44248667,-0.39494190,-0.51553077,0.02731419,0.00016443,0.00016443,0.00548106,0.64999777,0.00548599
1.86000000,7.24524975,1.47547150,0.01237838,0.02007656,0.00680632,0.89650035,-0.44253552,-0.39488569,-0.51557386,0.02731380,0.00016278,0.00016278,0.00542597,0.64999783,0.00543085
1.88000000,7.23735285,1.46515942,0.01292465,0.02007693,0.00680524,0.89647651,-0.44258392,-0.39483002,-0.51561660,0.02731341,0.00016133,0.00016133,0.00537765,0.64999789,0.00538249
1.90000000,7.22945690,1.45484650,0.01347091,0.02007729,0.00680417,0.89645278,-0.44263193,-0.39477476,-0.51565897,0.02731302,0.00016009,0.00016009,0.00533644,0.64999789,0.00534124
1.92000000,7.22156239,1.44453263,0.01401717,0.02007762,0.00680319,0.89643121,-0.44267568,-0.39472482,-0.51569802,0.02731270,0.00013266,0.00013266,0.00442199,0.64999855,0.00442596
1.94000000,7.21366835,1.43421817,0.01456342,0.02007792,0.00680231,0.89641178,-0.44271496,-0.39467961,-0.51573271,0.02731238,0.00013077,0.00013076,0.00435884,0.64999861,0.00436276
1.96000000,7.20577526,1.42390299,0.01510966,0.02007822,0.00680144,0.89639264,-0.44275370,-0.39463502,-0.51576692,0.02731207,0.00012901,0.00012901,0.00430030,0.64999861,0.00430417
1.98000000,7.19788361,1.41358721,0.01566648,0.02231586,0.00569238,0.89631575,-0.44281790,-0.39443779,-0.51580983,0.02927951,0.00014860,0.00012737,0.00424578,0.64999866,0.00425029
2.00000000,7.18999529,1.40327048,0.01625207,0.02231610,0.00569144,0.89629710,-0.44285566,-0.39439431,-0.51584315,0.02927899,0.00014663,0.00012568,0.00418947,0.64999872,0.00419392
2.02000000,7.18210793,1.39295197,0.01680244,0.02121198,0.00345096,0.89629978,-0.44292754,-0.39437404,-0.51599848,0.02670301,0.00014459,0.00010328,0.00413106,0.64999872,0.00413488
2.04000000,7.17422104,1.38263142,0.01733649,0.02121212,0.00345009,0.89628166,-0.44296423,-0.39433181,-0.51603085,0.02670234,0.00014244,0.00010175,0.00406986,0.64999878,0.00407363
2.06000000,7.16633511,1.37231040,0.01787053,0.02121226,0.00344924,0.89626378,-0.44300038,-0.39429018,-0.51606274,0.02670169,0.00014046,0.00010033,0.00401327,0.64999878,0.00401698
2.08000000,7.15844965,1.36198878,0.01840456,0.02121237,0.00344858,0.89625013,-0.44302809,-0.39425859,-0.51608753,0.02670120,0.00010740,0.00007671,0.00306857,0.64999932,0.00307141
2.10000000,7.15056515,1.35166657,0.01893857,0.02121247,0.00344794,0.89623672,-0.44305518,-0.39422739,-0.51611143,0.02670070,0.00010507,0.00007505,0.00300200,0.64999932,0.00300477
2.12000000,7.14268064,1.34134400,0.01947258,0.02121257,0.00344731,0.89622360,-0.44308171,-0.39419684,-0.51613480,0.02670022,0.00010283,0.00007345,0.00293809,0.64999938,0.00294080
2.14000000,7.13479757,1.33102095,0.02000658,0.02121267,0.00344669,0.89621079,-0.44310766,-0.39416695,-0.51615769,0.02669974,0.00010069,0.00007192,0.00287681,0.64999938,0.00287947
2.16000000,7.12691450,1.32069755,0.02054057,0.02121277,0.00344609,0.89619821,-0.44313309,-0.39413765,-0.51618010,0.02669928,0.00009864,0.00007045,0.00281816,0.64999944,0.00282076
2.18000000,7.11903238,1.31037354,0.02107454,0.02121287,0.00344550,0.89618587,-0.44315800,-0.39410895,-0.51620209,0.02669882,0.00009667,0.00006905,0.00276211,0.64999944,0.00276466
2.20000000,7.11115026,1.30004919,0.02160851,0.02121296,0.00344492,0.89617378,-0.44318244,-0.39408079,-0.51622361,0.02669838,0.00009480,0.00006772,0.00270867,0.64999944,0.00271117
2.22000000,7.10326910,1.28972447,0.02214248,0.02121304,0.00344444,0.89616370,-0.44320288,-0.39405739,-0.51624185,0.02669801,0.00006552,0.00004680,0.00187192,0.64999974,0.00187365
2.24000000,7.09538841,1.27939939,0.02267643,0.02121310,0.00344405,0.89615554,-0.44321933,-0.39403847,-0.51625633,0.02669771,0.00006360,0.00004543,0.00181717,0.64999974,0.00181885
2.26000000,7.08750772,1.26907408,0.02321038,0.02121316,0.00344367,0.89614767,-0.44323528,-0.39402011,-0.51627040,0.02669742,0.00006173,0.00004409,0.00176372,0.64999980,0.00176535
2.28000000,7.07962751,1.25874841,0.02374433,0.02121322,0.00344331,0.89613998,-0.44325075,-0.39400226,-0.51628405,0.02669714,0.00005990,0.00004279,0.00171148,0.64999980,0.00171306
2.30000000,7.07174778,1.24842262,0.02427826,0.02121328,0.00344295,0.89613259,-0.44326577,-0.39398497,-0.51629728,0.02669686,0.00005811,0.00004151,0.00166037,0.64999980,0.00166190
2.32000000,7.06386852,1.23809648,0.02481220,0.02121334,0.00344261,0.89612538,-0.44328034,-0.39396816,-0.51631010,0.02669660,0.00005636,0.00004026,0.00161031,0.64999980,0.00161180
2.34000000,7.05598927,1.22777009,0.02534613,0.02121339,0.00344227,0.89611840,-0.44329447,-0.39395189,-0.51632255,0.02669634,0.00005464,0.00003903,0.00156122,0.64999980,0.00156266
2.36000000,7.04811049,1.21744347,0.02588005,0.02121345,0.00344195,0.89611161,-0.44330814,-0.39393613,-0.51633459,0.02669609,0.00005295,0.00003782,0.00151299,0.64999986,0.00151439
2.38000000,7.04023170,1.20711660,0.02641397,0.02121347,0.00344177,0.89610785,-0.44331571,-0.39392748,-0.51634133,0.02669596,0.00002904,0.00002074,0.00082979,0.64999998,0.00083055
2.40000000,7.03235340,1.19678974,0.02693184,0.02010742,0.00120216,0.89612257,-0.44334930,-0.39394820,-0.51645243,0.02411720,0.00002751,0.00001572,0.00078611,0.64999998,0.00078675
2.42000000,7.02447462,1.18646049,0.02741418,0.02010743,0.00120201,0.89611924,-0.44335604,-0.39394042,-0.51645839,0.02411704,0.00002591,0.00001480,0.00074022,0.64999998,0.00074082
2.44000000,7.01659584,1.17613125,0.02789652,0.02010744,0.00120187,0.89611608,-0.44336236,-0.39393315,-0.51646394,0.02411690,0.00002422,0.00001384,0.00069198,0.64999998,0.00069254
2.46000000,7.00871754,1.16580200,0.02837885,0.02010745,0.00120174,0.89611322,-0.44336823,-0.39392635,-0.51646912,0.02411677,0.00002252,0.00001287,0.00064343,0.64999998,0.00064396
2.48000000,7.00083876,1.15547252,0.02886119,0.02010745,0.00120162,0.89611048,-0.44337368,-0.39392009,-0.51647395,0.02411664,0.00002080,0.00001189,0.00059441,0.64999998,0.00059489
2.50000000,6.99296045,1.14514291,0.02934352,0.02010746,0.00120151,0.89610803,-0.44337869,-0.39391434,-0.51647830,0.02411653,0.00001906,0.00001089,0.00054470,0.64999998,0.00054515
2.52000000,6.98508263,1.13481331,0.02982585,0.02010746,0.00120145,0.89610678,-0.44338119,-0.39391145,-0.51648057,0.02411647,0.00000133,0.00000076,0.00003814,0.64999998,0.00003817
2.54000000,6.97720432,1.12448370,0.03030817,0.02010746,0.00120145,0.89610672,-0.44338125,-0.39391136,-0.51648062,0.02411647,-0.00000004,-0.00000002,-0.00000120,0.64999998,-0.00000120
2.56000000,6.96932602,1.11415410,0.03079050,0.02010746,0.00120145,0.89610690,-0.44338098,-0.39391169,-0.51648039,0.02411648,-0.00000145,-0.00000083,-0.00004142,0.64999998,-0.00004145
2.58000000,6.96144772,1.10382450,0.03127283,0.02010746,0.00120147,0.89610720,-0.44338033,-0.39391243,-0.51647979,0.02411649,-0.00000289,-0.00000165,-0.00008267,0.64999998,-0.00008274
2.60000000,6.95356941,1.09349489,0.03175516,0.02010746,0.00120149,0.89610773,-0.44337931,-0.39391363,-0.51647890,0.02411651,-0.00000438,-0.00000250,-0.00012516,0.64999998,-0.00012526
2.62000000,6.94569111,1.08316541,0.03223750,0.02010745,0.00120152,0.89610839,-0.44337788,-0.39391527,-0.51647764,0.02411654,-0.00000592,-0.00000338,-0.00016908,0.64999998,-0.00016922
2.64000000,6.93781281,1.07283580,0.03271983,0.02010745,0.00120156,0.89610934,-0.44337606,-0.39391735,-0.51647604,0.02411659,-0.00000751,-0.00000429,-0.00021468,0.64999998,-0.00021485
2.66000000,6.92993450,1.06250632,0.03320216,0.02010745,0.00120161,0.89611042,-0.44337383,-0.39391994,-0.51647407,0.02411664,-0.00000918,-0.00000524,-0.00026222,0.64999998,-0.00026244
2.68000000,6.92205572,1.05217695,0.03368449,0.02010744,0.00120173,0.89611292,-0.44336879,-0.39392573,-0.51646960,0.02411675,-0.00001991,-0.00001138,-0.00056890,0.64999998,-0.00056936
2.70000000,6.91417742,1.04184759,0.03416683,0.02010744,0.00120185,0.89611554,-0.44336346,-0.39393190,-0.51646495,0.02411687,-0.00002109,-0.00001205,-0.00060270,0.64999998,-0.00060319
2.72000000,6.90629864,1.03151834,0.03464917,0.02010743,0.00120197,0.89611834,-0.44335783,-0.39393839,-0.51645994,0.02411700,-0.00002233,-0.00001276,-0.00063813,0.64999998,-0.00063864
2.74000000,6.89841986,1.02118921,0.03513151,0.02010742,0.00120211,0.89612132,-0.44335184,-0.39394528,-0.51645470,0.02411714,-0.00002364,-0.00001351,-0.00067539,0.64999998,-0.00067594
2.76000000,6.89054060,1.01086020,0.03561386,0.02010741,0.00120225,0.89612442,-0.44334552,-0.39395255,-0.51644909,0.02411728,-0.00002502,-0.00001429,-0.00071472,0.64999998,-0.00071531
2.78000000,6.88266134,1.00053132,0.03609620,0.02010740,0.00120240,0.89612776,-0.44333881,-0.39396027,-0.51644319,0.02411743,-0.00002647,-0.00001513,-0.00075638,0.64999998,-0.00075699
2.80000000,6.87478209,0.99020261,0.03657855,0.02010739,0.00120256,0.89613128,-0.44333175,-0.39396843,-0.51643699,0.02411759,-0.00002802,-0.00001601,-0.00080066,0.64999998,-0.00080131
2.82000000,6.86690283,0.97987396,0.03706091,0.02010738,0.00120274,0.89613515,-0.44332385,-0.39397752,-0.51643002,0.02411777,-0.00003264,-0.00001865,-0.00093244,0.64999992,-0.00093320
2.84000000,6.85902309,0.96954548,0.03754327,0.02010737,0.00120293,0.89613938,-0.44331530,-0.39398739,-0.51642251,0.02411797,-0.00003365,-0.00001923,-0.00096145,0.64999992,-0.00096223
2.86000000,6.85114288,0.95921713,0.03802563,0.02010736,0.00120313,0.89614373,-0.44330645,-0.39399755,-0.51641470,0.02411817,-0.00003473,-0.00001985,-0.00099243,0.64999992,-0.00099324
2.88000000,6.84326315,0.94888896,0.03850800,0.02010735,0.00120333,0.89614826,-0.44329733,-0.39400807,-0.51640666,0.02411837,-0.00003590,-0.00002051,-0.00102559,0.64999992,-0.00102643
2.90000000,6.83538246,0.93856096,0.03899037,0.02010733,0.00120354,0.89615291,-0.44328788,-0.39401895,-0.51639837,0.02411859,-0.00003714,-0.00002122,-0.00106116,0.64999992,-0.00106202
2.92000000,6.82750225,0.92823309,0.03947274,0.02010732,0.00120376,0.89615780,-0.44327810,-0.39403021,-0.51638973,0.02411881,-0.00003848,-0.00002199,-0.00109941,0.64999992,-0.00110030
2.94000000,6.81962156,0.91790545,0.03995512,0.02010731,0.00120399,0.89616281,-0.44326797,-0.39404190,-0.51638079,0.02411904,-0.00003992,-0.00002281,-0.00114064,0.64999992,-0.00114156
2.96000000,6.81174040,0.90757799,0.04043750,0.02010729,0.00120423,0.89616799,-0.44325742,-0.39405406,-0.51637149,0.02411928,-0.00004148,-0.00002370,-0.00118520,0.64999992,-0.00118616
2.98000000,6.80385923,0.89725071,0.04091990,0.02010728,0.00120446,0.89617306,-0.44324723,-0.39406583,-0.51636255,0.02411951,-0.00004007,-0.00002290,-0.00114487,0.64999992,-0.00114580
3.00000000,6.79597759,0.88692355,0.04140229,0.02010741,0.00120462,0.89617825,-0.44323677,-0.39407787,-0.51635331,0.02411988,-0.00004105,-0.00002346,-0.00117285,0.64999992,-0.00117380
3.02000000,6.78809595,0.87659663,0.04188469,0.02010740,0.00120486,0.89618355,-0.44322604,-0.39409024,-0.51634383,0.02412012,-0.00004211,-0.00002406,-0.00120313,0.64999992,-0.00120410
3.04000000,6.78021383,0.86626989,0.04236710,0.02010738,0.00120510,0.89618897,-0.44321501,-0.39410293,-0.51633412,0.02412037,-0.00004326,-0.00002472,-0.00123594,0.64999992,-0.00123694
3.06000000,6.77233171,0.85594338,0.04284951,0.02010737,0.00120536,0.89619458,-0.44320369,-0.39411598,-0.51632416,0.02412063,-0.00004450,-0.00002543,-0.00127154,0.64999986,-0.00127257
3.08000000,6.76444912,0.84561706,0.04333192,0.02010735,0.00120562,0.89620036,-0.44319201,-0.39412943,-0.51631385,0.02412090,-0.00004586,-0.00002620,-0.00131022,0.64999986,-0.00131128
3.10000000,6.75656605,0.83529091,0.04381435,0.02010734,0.00120589,0.89620632,-0.44317997,-0.39414328,-0.51630324,0.02412117,-0.00004733,-0.00002705,-0.00135233,0.64999986,-0.00135343
3.12000000,6.74868298,0.82496500,0.04429678,0.02010732,0.00120615,0.89621198,-0.44316849,-0.39415655,-0.51629317,0.02412143,-0.00004148,-0.00002370,-0.00118516,0.64999992,-0.00118612
3.14000000,6.74079990,0.81463933,0.04477921,0.02010731,0.00120639,0.89621735,-0.44315767,-0.39416900,-0.51628363,0.02412168,-0.00004240,-0.00002423,-0.00121151,0.64999992,-0.00121249
3.16000000,6.73291636,0.80431378,0.04526164,0.02010729,0.00120664,0.89622283,-0.44314662,-0.39418173,-0.51627392,0.02412193,-0.00004340,-0.00002480,-0.00124012,0.64999986,-0.00124112
3.18000000,6.72503233,0.79398757,0.04571405,0.01900112,-0.00103303,0.89624369,-0.44315359,-0.39422995,-0.51635110,0.02154340,-0.00004450,-0.00001907,-0.00127131,0.64999986,-0.00127224
3.20000000,6.71714735,0.78366071,0.04614493,0.01900113,-0.00103278,0.89624947,-0.44314194,-0.39424336,-0.51634085,0.02154371,-0.00004578,-0.00001962,-0.00130799,0.64999986,-0.00130894
3.22000000,6.70926237,0.77333403,0.04657581,0.01900115,-0.00103252,0.89625543,-0.44312993,-0.39425719,-0.51633024,0.02154404,-0.00004717,-0.00002022,-0.00134776,0.64999986,-0.00134874
3.24000000,6.70137691,0.76300758,0.04700669,0.01900116,-0.00103226,0.89626151,-0.44311753,-0.39427146,-0.51631933,0.02154437,-0.00004868,-0.00002086,-0.00139096,0.64999986,-0.00139197
3.26000000,6.69349146,0.75268137,0.04743759,0.01900118,-0.00103199,0.89626783,-0.44310474,-0.39428619,-0.51630807,0.02154472,-0.00005033,-0.00002157,-0.00143799,0.64999986,-0.00143904
3.28000000,6.68559933,0.74236774,0.04786851,0.01900184,-0.00101973,0.89655370,-0.44252613,-0.39476693,-0.51555592,0.02155026,-0.00225109,-0.00096475,-0.06431635,0.64969474,-0.06436297
3.30000000,6.67769384,0.73206413,0.04829975,0.01900249,-0.00100758,0.89683646,-0.44195279,-0.39542922,-0.51505446,0.02156592,-0.00223041,-0.00095588,-0.06372559,0.64970028,-0.06377178
3.32000000,6.66977549,0.72177052,0.04873130,0.01900312,-0.00099553,0.89711648,-0.44138405,-0.39608493,-0.51455587,0.02158139,-0.00221240,-0.00094817,-0.06321118,0.64970511,-0.06325699
3.34000000,6.66184425,0.71148688,0.04916316,0.01900375,-0.00098356,0.89739418,-0.44081923,-0.39673483,-0.51405936,0.02159669,-0.00219718,-0.00094164,-0.06277622,0.64970917,-0.06282172
3.36000000,6.65389967,0.70121312,0.04959532,0.01900436,-0.00097167,0.89766985,-0.44025761,-0.39737982,-0.51356447,0.02161184,-0.00218487,-0.00093637,-0.06242445,0.64971244,-0.06246970
3.38000000,6.64594269,0.69094926,0.05002778,0.01900496,-0.00095983,0.89794391,-0.43969837,-0.39802074,-0.51307034,0.02162686,-0.00217563,-0.00093241,-0.06216044,0.64971483,-0.06220549
3.40000000,6.63797235,0.68069524,0.05046054,0.01900555,-0.00094803,0.89821678,-0.43914071,-0.39865851,-0.51257628,0.02164177,-0.00216965,-0.00092985,-0.06198966,0.64971644,-0.06203459
3.42000000,6.62999105,0.67045742,0.05089347,0.01900635,-0.00093194,0.89858824,-0.43838006,-0.39917874,-0.51145500,0.02164316,-0.00375210,-0.00160803,-0.10720218,0.64915204,-0.10727987
3.44000000,6.62199068,0.66024089,0.05132672,0.01900733,-0.00091169,0.89905471,-0.43742254,-0.40027758,-0.51061529,0.02166903,-0.00371554,-0.00159237,-0.10615776,0.64916843,-0.10623471
3.46000000,6.61396885,0.65004116,0.05176048,0.01900828,-0.00089163,0.89951605,-0.43647310,-0.40136367,-0.50977921,0.02169450,-0.00368336,-0.00157858,-0.10523835,0.64918280,-0.10531462
3.48000000,6.60592556,0.63985807,0.05219475,0.01900920,-0.00087171,0.89997280,-0.43553057,-0.40243828,-0.50894582,0.02171961,-0.00365572,-0.00156673,-0.10444865,0.64919502,-0.10452435
3.50000000,6.59786081,0.62969160,0.05264021,0.02125711,-0.00193873,0.90036178,-0.43461829,-0.40335768,-0.50813919,0.02375634,-0.00415099,-0.00155663,-0.10377501,0.64920509,-0.10386966
3.52000000,6.58977795,0.61954129,0.05311579,0.02125911,-0.00191673,0.90081120,-0.43368596,-0.40441349,-0.50730777,0.02378610,-0.00413083,-0.00154907,-0.10327104,0.64921278,-0.10336523
3.54000000,6.58167410,0.60940766,0.05359195,0.02126108,-0.00189480,0.90125805,-0.43275663,-0.40546218,-0.50647533,0.02381556,-0.00411703,-0.00154389,-0.10292602,0.64921802,-0.10301990
3.56000000,6.57355070,0.59929568,0.05406503,0.02018544,-0.00412357,0.90177679,-0.43171081,-0.40638667,-0.50521600,0.02130755,-0.00525257,-0.00131314,-0.13131471,0.64872748,-0.13142627
3.58000000,6.56540298,0.58920699,0.05449183,0.02019080,-0.00409723,0.90233922,-0.43053398,-0.40771887,-0.50417233,0.02135040,-0.00519996,-0.00129999,-0.12999944,0.64875281,-0.13010989
3.60000000,6.55722857,0.57913917,0.05491947,0.02019608,-0.00407113,0.90289497,-0.42936727,-0.40903431,-0.50313252,0.02139262,-0.00515344,-0.00128836,-0.12883644,0.64877504,-0.12894590
3.62000000,6.54902840,0.56909204,0.05534795,0.02020128,-0.00404523,0.90344471,-0.42820930,-0.41033462,-0.50209546,0.02143426,-0.00511319,-0.00127830,-0.12783022,0.64879411,-0.12793884
3.64000000,6.54080248,0.55906570,0.05577725,0.02020642,-0.00401950,0.90398920,-0.42705864,-0.41162142,-0.50105983,0.02147538,-0.00507948,-0.00126987,-0.12698747,0.64880991,-0.12709536
3.66000000,6.53255081,0.54906005,0.05620737,0.02021149,-0.00399392,0.90452915,-0.42591372,-0.41289634,-0.50002426,0.02151602,-0.00505263,-0.00126316,-0.12631626,0.64882249,-0.12642358
3.68000000,6.52427387,0.53907508,0.05663829,0.02021651,-0.00396843,0.90506542,-0.42477298,-0.41416115,-0.49898729,0.02155624,-0.00503304,-0.00125826,-0.12582640,0.64883161,-0.12593330
3.70000000,6.51597214,0.52911097,0.05707002,0.02022148,-0.00394301,0.90559882,-0.42363471,-0.41541758,-0.49794719,0.02159610,-0.00502117,-0.00125529,-0.12552969,0.64883709,-0.12563634
3.72000000,6.50770187,0.51929677,0.05749896,0.02023434,-0.00387652,0.90698636,-0.42065582,-0.41432932,-0.49005565,0.02147365,-0.01310365,-0.00327591,-0.32759240,0.64209378,-0.32787073
3.74000000,6.49936628,0.50953496,0.05793000,0.02024687,-0.00381055,0.90835273,-0.41769713,-0.41759592,-0.48743644,0.02157812,-0.01299860,-0.00324965,-0.32496619,0.64221978,-0.32524228
3.76000000,6.49096584,0.49982575,0.05836310,0.02025909,-0.00374500,0.90969980,-0.41475511,-0.42081007,-0.48479941,0.02168032,-0.01291011,-0.00322753,-0.32275397,0.64232516,-0.32302821
3.78000000,6.48250246,0.49016961,0.05879821,0.02027104,-0.00367979,0.91102964,-0.41182590,-0.42397541,-0.48214129,0.02178035,-0.01283898,-0.00320974,-0.32097563,0.64240932,-0.32124832
3.80000000,6.47397614,0.48056698,0.05923529,0.02028272,-0.00361484,0.91234416,-0.40890551,-0.42709565,-0.47945836,0.02187833,-0.01278616,-0.00319654,-0.31965515,0.64247155,-0.31992674
3.82000000,6.46543455,0.47108442,0.05967177,0.02029685,-0.00353465,0.91395319,-0.40529630,-0.42552084,-0.47015199,0.02172227,-0.01881595,-0.00470399,-0.47040045,0.63449407,-0.47080013
3.84000000,6.45686531,0.46174917,0.06010789,0.02031315,-0.00343972,0.91583806,-0.40101898,-0.42959177,-0.46581748,0.02184177,-0.01863453,-0.00465863,-0.46586505,0.63404423,-0.46626085
3.86000000,6.44820595,0.45248988,0.06054685,0.02032887,-0.00334555,0.91768646,-0.39677078,-0.43407419,-0.46200883,0.02198298,-0.01847495,-0.00461874,-0.46187544,0.63431525,-0.46226788
3.88000000,6.43945885,0.44330740,0.06098857,0.02034404,-0.00325204,0.91950125,-0.39254677,-0.43846214,-0.45815876,0.02211999,-0.01833838,-0.00458459,-0.45846108,0.63454539,-0.45885062
3.90000000,6.43062496,0.43420261,0.06143297,0.02035869,-0.00315906,0.92128509,-0.38834175,-0.44276008,-0.45426345,0.02225296,-0.01822581,-0.00455645,-0.45564687,0.63473380,-0.45603400
3.92000000,6.42170620,0.42517644,0.06187997,0.02037284,-0.00306649,0.92304069,-0.38415024,-0.44697213,-0.45031825,0.02238199,-0.01813846,-0.00453461,-0.45346305,0.63487917,-0.45384833
3.94000000,6.41275406,0.41628778,0.06232694,0.02038804,-0.00296371,0.92496628,-0.37949038,-0.44618106,-0.44054040,0.02225257,-0.02218966,-0.00554742,-0.55474359,0.62741417,-0.55521488
3.96000000,6.40375280,0.40754634,0.06277440,0.02040407,-0.00285130,0.92704356,-0.37438717,-0.45134026,-0.43591148,0.02241264,-0.02195996,-0.00548999,-0.54900098,0.62787670,-0.54946744
3.98000000,6.39465046,0.39889824,0.06321947,0.01949708,-0.00506203,0.92907745,-0.36933637,-0.45639867,-0.43130532,0.02041257,-0.02175679,-0.00271957,-0.54391664,0.62828392,-0.54435837
4.00000000,6.38544893,0.39034304,0.06363031,0.01952418,-0.00495646,0.93106240,-0.36430359,-0.46129480,-0.42657453,0.02058476,-0.02157903,-0.00269735,-0.53947258,0.62863541,-0.53991073
4.02000000,6.37615156,0.38188329,0.06404452,0.01955053,-0.00485150,0.93300593,-0.35929677,-0.46606711,-0.42178696,0.02075172,-0.02142871,-0.00267856,-0.53571469,0.62893039,-0.53614980
4.04000000,6.36676025,0.37352020,0.06446198,0.01957615,-0.00474704,0.93491119,-0.35430968,-0.47072002,-0.41693822,0.02091359,-0.02130695,-0.00266334,-0.53267074,0.62916785,-0.53310335
4.06000000,6.35727739,0.36525509,0.06488262,0.01960111,-0.00464293,0.93678111,-0.34933570,-0.47525731,-0.41202277,0.02107051,-0.02121523,-0.00265188,-0.53037763,0.62934589,-0.53080839
4.08000000,6.34776974,0.35715809,0.06530342,0.01962803,-0.00452776,0.93881607,-0.34382927,-0.47667569,-0.40354282,0.02108485,-0.02339671,-0.00292456,-0.58491439,0.62490886,-0.58538944
4.10000000,6.33816051,0.34916607,0.06572775,0.01965401,-0.00441361,0.94079846,-0.33836746,-0.48171270,-0.39828524,0.02126004,-0.02316319,-0.00289537,-0.57907623,0.62540406,-0.57954657
4.12000000,6.32845259,0.34127989,0.06615549,0.01967910,-0.00430036,0.94273126,-0.33294442,-0.48660198,-0.39297798,0.02142907,-0.02295697,-0.00286959,-0.57392091,0.62583733,-0.57438707
4.14000000,6.31864929,0.33350068,0.06658652,0.01970335,-0.00418788,0.94461769,-0.32755402,-0.49134824,-0.38761771,0.02159213,-0.02277898,-0.00284734,-0.56947118,0.62620825,-0.56993371
4.16000000,6.30875301,0.32582951,0.06702074,0.01972679,-0.00407604,0.94646078,-0.32218981,-0.49595574,-0.38220027,0.02174934,-0.02263034,-0.00282876,-0.56575507,0.62651587,-0.56621456
4.18000000,6.29876661,0.31826761,0.06745800,0.01974947,-0.00396468,0.94826341,-0.31684497,-0.50042814,-0.37672049,0.02190084,-0.02251241,-0.00281402,-0.56280690,0.62675852,-0.56326395
4.20000000,6.28875113,0.31087348,0.06789560,0.01977501,-0.00383523,0.95031846,-0.31062689,-0.49894533,-0.36545888,0.02178522,-0.02987196,-0.00373396,-0.74679470,0.61885476,-0.74740124
4.22000000,6.27882624,0.30377230,0.06832809,0.01980288,-0.00368866,0.95259315,-0.30357951,-0.49730518,-0.35305399,0.02165759,-0.02949770,-0.00368717,-0.73743814,0.61026931,-0.73803705
4.24000000,6.26879168,0.29681310,0.06876427,0.01982934,-0.00354365,0.95478910,-0.29660079,-0.50317991,-0.34625718,0.02185859,-0.02914770,-0.00364343,-0.72868830,0.61119705,-0.72928011
4.26000000,6.25864315,0.28999081,0.06920433,0.01985446,-0.00340007,0.95691031,-0.28968409,-0.50882804,-0.33939403,0.02205020,-0.02883010,-0.00360373,-0.72074825,0.61202979,-0.72133362
4.28000000,6.24838495,0.28330681,0.06964808,0.01987831,-0.00325777,0.95896077,-0.28282240,-0.51425529,-0.33246407,0.02223265,-0.02854555,-0.00356816,-0.71363449,0.61276841,-0.71421409
4.30000000,6.23802137,0.27676243,0.07009535,0.01990093,-0.00311659,0.96094412,-0.27600843,-0.51946694,-0.32546562,0.02240612,-0.02829490,-0.00353683,-0.70736825,0.61341321,-0.70794278
4.32000000,6.22755671,0.27035907,0.07054595,0.01992238,-0.00297636,0.96286398,-0.26923451,-0.52446723,-0.31839603,0.02257079,-0.02807923,-0.00350987,-0.70197666,0.61396366,-0.70254678
4.34000000,6.21699524,0.26409820,0.07099972,0.01994272,-0.00283693,0.96472371,-0.26249269,-0.52925974,-0.31125137,0.02272676,-0.02789989,-0.00348745,-0.69749314,0.61441827,-0.69805962
4.36000000,6.20640898,0.25802696,0.07145353,0.01996328,-0.00268843,0.96665061,-0.25530544,-0.52704686,-0.29947653,0.02257937,-0.03163477,-0.00395431,-0.79086465,0.60660893,-0.79150695
4.38000000,6.19582176,0.25217488,0.07190628,0.01998356,-0.00253181,0.96862227,-0.24771993,-0.53077596,-0.29067701,0.02268434,-0.03120775,-0.00390097,-0.78019661,0.60558307,-0.78083026
4.40000000,6.18512487,0.24647740,0.07236265,0.02000255,-0.00237710,0.97051018,-0.24021713,-0.53618580,-0.28293601,0.02286203,-0.03081256,-0.00385157,-0.77031684,0.60668826,-0.77094245
4.42000000,6.17432356,0.24093542,0.07282241,0.02002014,-0.00222409,0.97231841,-0.23278990,-0.54133821,-0.27514946,0.02302919,-0.03045091,-0.00380636,-0.76127541,0.60768789,-0.76189369
4.44000000,6.16342258,0.23554985,0.07328536,0.02003638,-0.00207264,0.97405088,-0.22543092,-0.54623973,-0.26731762,0.02318609,-0.03012329,-0.00376541,-0.75308508,0.60858369,-0.75369668
4.46000000,6.15242767,0.23032162,0.07375130,0.02005134,-0.00192259,0.97571123,-0.21813263,-0.55089617,-0.25943971,0.02333296,-0.02983042,-0.00372880,-0.74576318,0.60937667,-0.74636889
4.48000000,6.14134359,0.22525164,0.07422002,0.02006505,-0.00177376,0.97730285,-0.21088713,-0.55531228,-0.25151378,0.02346997,-0.02957319,-0.00369665,-0.73933250,0.61006701,-0.73993295
4.50000000,6.13017416,0.22034095,0.07469135,0.02007757,-0.00162599,0.97882897,-0.20368624,-0.55949199,-0.24353695,0.02359728,-0.02935276,-0.00366909,-0.73382169,0.61065406,-0.73441768
4.52000000,6.11892462,0.21559063,0.07516507,0.02008892,-0.00147909,0.98029262,-0.19652130,-0.56343794,-0.23550507,0.02371496,-0.02917054,-0.00364632,-0.72926629,0.61113614,-0.72985858
4.54000000,6.10764313,0.21102394,0.07563916,0.02009946,-0.00132831,0.98173958,-0.18916021,-0.56518871,-0.22632772,0.02373910,-0.02986509,-0.00373313,-0.74662989,0.60928321,-0.74723625
4.56000000,6.09627533,0.20661779,0.07611591,0.02010874,-0.00117946,0.98311323,-0.18188633,-0.56945276,-0.21830072,0.02386953,-0.02947504,-0.00368438,-0.73687863,0.61032891,-0.73747712
4.58000000,6.08482552,0.20237225,0.07659513,0.02011683,-0.00103239,0.98441696,-0.17469271,-0.57347405,-0.21026897,0.02399022,-0.02911663,-0.00363958,-0.72791839,0.61127824,-0.72850955
4.60000000,6.07329893,0.19828743,0.07706805,0.01970505,-0.00335091,0.98565018,-0.16761313,-0.57726276,-0.20233923,0.02309043,-0.02879065,0.00000000,-0.71976876,0.61213285,-0.72034431
4.62000000,6.06170034,0.19436128,0.07753200,0.01972852,-0.00320989,0.98682380,-0.16055918,-0.58081645,-0.19429573,0.02323257,-0.02849721,0.00000000,-0.71243286,0.61289340,-0.71300256
4.64000000,6.05003357,0.19059616,0.07799866,0.01975076,-0.00307003,0.98793662,-0.15356323,-0.58414412,-0.18624181,0.02336568,-0.02823749,0.00000000,-0.70593983,0.61356032,-0.70650434
4.66000000,6.03830385,0.18699232,0.07846785,0.01977185,-0.00293117,0.98899132,-0.14661741,-0.58725017,-0.17817415,0.02348992,-0.02801225,0.00000000,-0.70030880,0.61413395,-0.70086879
4.68000000,6.02651548,0.18355009,0.07893939,0.01979182,-0.00279314,0.98999023,-0.13971348,-0.59013736,-0.17008837,0.02360541,-0.02782275,0.00000000,-0.69557118,0.61461318,-0.69612741
4.70000000,6.01467228,0.18026993,0.07941311,0.01981072,-0.00265578,0.99093556,-0.13284275,-0.59280717,-0.16197911,0.02371220,-0.02767052,0.00000000,-0.69176561,0.61499584,-0.69231880
4.72000000,6.00300503,0.17725445,0.07987981,0.01983434,-0.00247319,0.99211717,-0.12370955,-0.58019042,-0.14709350,0.02320753,-0.03666880,0.00000000,-0.91672331,0.59899580,-0.91745639
4.74000000,5.99152231,0.17450972,0.08033910,0.01985600,-0.00229277,0.99320084,-0.11468487,-0.57450348,-0.13457626,0.02298006,-0.03619164,-0.00000000,-0.90479428,0.59050244,-0.90551782
4.76000000,5.97997618,0.17196880,0.08080096,0.01987579,-0.00211444,0.99419034,-0.10576444,-0.57823348,-0.12453561,0.02312925,-0.03574359,-0.00000000,-0.89359295,0.59194428,-0.89430755
4.78000000,5.96835995,0.16962865,0.08126559,0.01989376,-0.00193801,0.99508953,-0.09693962,-0.58162457,-0.11449863,0.02326490,-0.03533515,0.00000000,-0.88338208,0.59324390,-0.88408852
4.80000000,5.95668125,0.16748917,0.08173274,0.01991001,-0.00176332,0.99590212,-0.08820141,-0.58468407,-0.10446653,0.02338728,-0.03496692,0.00000000,-0.87417620,0.59440362,-0.87487525
4.82000000,5.94494629,0.16555025,0.08220214,0.01992458,-0.00159017,0.99663121,-0.07954055,-0.58741766,-0.09443944,0.02349662,-0.03463969,0.00000000,-0.86599535,0.59542459,-0.86668783
4.84000000,5.93316126,0.16381182,0.08267354,0.01993755,-0.00141838,0.99727976,-0.07094747,-0.58982980,-0.08441649,0.02359311,-0.03435451,0.00000000,-0.85886598,0.59630698,-0.85955274
4.86000000,5.92133284,0.16227379,0.08314668,0.01994896,-0.00124774,0.99785030,-0.06241218,-0.59192312,-0.07439586,0.02367684,-0.03411274,0.00000000,-0.85282153,0.59704965,-0.85350353
4.88000000,5.90970564,0.16098498,0.08361175,0.01996018,-0.00105306,0.99841172,-0.05267411,-0.57801372,-0.06120872,0.02312046,-0.03882046,0.00000000,-0.97051519,0.58170521,-0.97129124
4.90000000,5.89810038,0.15992543,0.08407596,0.01996938,-0.00086108,0.99887204,-0.04307161,-0.58098280,-0.05023772,0.02323923,-0.03826448,0.00000000,-0.95661551,0.58361363,-0.95738047
4.92000000,5.88644171,0.15908454,0.08454232,0.01997665,-0.00067166,0.99923557,-0.03359653,-0.58357054,-0.03931771,0.02334274,-0.03774931,0.00000000,-0.94373608,0.58535916,-0.94449073
4.94000000,5.87473631,0.15846124,0.08501052,0.01998206,-0.00048460,0.99950635,-0.02423964,-0.58578801,-0.02845206,0.02343144,-0.03727508,0.00000000,-0.93188035,0.58694643,-0.93262553
4.96000000,5.86299229,0.15805441,0.08548028,0.01998569,-0.00029971,0.99968779,-0.01499157,-0.58764470,-0.01764300,0.02350570,-0.03684213,0.00000000,-0.92105651,0.58837920,-0.92179304
4.98000000,5.85121632,0.15786289,0.08595131,0.01998760,-0.00011681,0.99978316,-0.00584275,-0.58914876,-0.00689173,0.02356586,-0.03645099,0.00000000,-0.91127807,0.58966017,-0.91200680
5.00000000,5.83941555,0.15788552,0.08642334,0.01998784,0.00006431,0.99979502,0.00321663,-0.59030658,0.00380145,0.02361218,-0.03610243,0.00000000,-0.90256405,0.59079087,-0.90328586
5.02000000,5.82759714,0.15812117,0.08689609,0.01998645,0.00024383,0.99972582,0.01219665,-0.59112293,0.01443708,0.02364483,-0.03579747,0.00000000,-0.89494008,0.59177178,-0.89565575
5.04000000,5.81576681,0.15856867,0.08736929,0.01998349,0.00042198,0.99957740,0.02110776,-0.59160072,0.02501642,0.02366394,-0.03553742,0.00000000,-0.88843870,0.59260207,-0.88914919
5.06000000,5.80402422,0.15922827,0.08783901,0.01997875,0.00060607,0.99934047,0.03031583,-0.58743101,0.03570177,0.02349715,-0.03665799,0.00000000,-0.91645312,0.58898383,-0.91718602
5.08000000,5.79226160,0.16010450,0.08830951,0.01997261,0.00078751,0.99902391,0.03939091,-0.58834445,0.04650554,0.02353392,-0.03614679,-0.00000000,-0.90366447,0.59064865,-0.90438712
5.10000000,5.78048515,0.16119513,0.08878056,0.01996475,0.00096646,0.99863082,0.04834203,-0.58892846,0.05719770,0.02355728,-0.03567385,-0.00000000,-0.89184093,0.59216827,-0.89255416
5.12000000,5.76870251,0.16249794,0.08925188,0.01995542,0.00114312,0.99816388,0.05717829,-0.58919281,0.06777841,0.02356785,-0.03523975,-0.00000000,-0.88098848,0.59354657,-0.88169301
5.14000000,5.75697136,0.16400380,0.08972113,0.01994465,0.00131766,0.99762541,0.06590886,-0.58457154,0.07764094,0.02338300,-0.03484431,0.00000000,-0.87110251,0.59016842,-0.87179911
5.16000000,5.74540138,0.16569375,0.09018394,0.01993250,0.00149023,0.99701762,0.07454102,-0.57646435,0.08675141,0.02305871,-0.03447691,0.00000000,-0.86191756,0.58341122,-0.86260682
5.18000000,5.73399591,0.16756037,0.09064014,0.01991900,0.00166096,0.99634236,0.08308058,-0.56817186,0.09549443,0.02272701,-0.03413457,0.00000000,-0.85335934,0.57658911,-0.85404176
5.20000000,5.72275925,0.16959645,0.09108961,0.01990419,0.00182995,0.99560142,0.09153333,-0.55971241,0.10387771,0.02238863,-0.03381744,0.00000000,-0.84543103,0.56971025,-0.84610713
5.22000000,5.71169376,0.17179491,0.09153223,0.01988809,0.00199732,0.99479616,0.09990516,-0.55110288,0.11190926,0.02204425,-0.03352572,0.00000000,-0.83813798,0.56278241,-0.83880824
5.24000000,5.70073843,0.17415778,0.09197046,0.01987138,0.00215725,0.99396026,0.10790502,-0.54574299,0.12000150,0.02182985,-0.03200445,0.00000000,-0.80010653,0.55920684,-0.80074638
5.26000000,5.68994713,0.17666551,0.09240211,0.01985367,0.00231457,0.99307442,0.11577433,-0.53748631,0.12715052,0.02149958,-0.03151293,0.00000000,-0.78781861,0.55273956,-0.78844863
5.28000000,5.67932272,0.17931068,0.09282709,0.01983501,0.00246939,0.99214101,0.12351794,-0.52912831,0.13393028,0.02116526,-0.03104152,0.00000000,-0.77603340,0.54622525,-0.77665395
5.30000000,5.66886663,0.18208604,0.09324533,0.01981544,0.00262178,0.99116224,0.13114065,-0.52068663,0.14035122,0.02082759,-0.03058986,0.00000000,-0.76474208,0.53967285,-0.76535362
5.32000000,5.65858030,0.18498458,0.09365679,0.01979500,0.00277185,0.99014014,0.13864717,-0.51217747,0.14642395,0.02048722,-0.03015766,0.00000000,-0.75393707,0.53309047,-0.75453997
5.34000000,5.64846516,0.18799950,0.09406139,0.01977374,0.00291969,0.98907644,0.14604217,-0.50361586,0.15215921,0.02014475,-0.02974465,0.00000000,-0.74361181,0.52648568,-0.74420643
5.36000000,5.63852215,0.19112422,0.09445913,0.01975168,0.00306540,0.98797280,0.15333028,-0.49501565,0.15756781,0.01980074,-0.02935060,0.00000000,-0.73376077,0.51986557,-0.73434758
5.38000000,5.62875080,0.19435236,0.09484997,0.01972884,0.00320906,0.98683083,0.16051610,-0.48638949,0.16266061,0.01945569,-0.02897535,0.00000000,-0.72437960,0.51323652,-0.72495890
5.40000000,5.61915302,0.19767776,0.09523390,0.01970527,0.00335076,0.98565173,0.16760416,-0.47774899,0.16744840,0.01911007,-0.02861877,0.00000000,-0.71546495,0.50660461,-0.71603709
5.42000000,5.60967493,0.20111001,0.09560746,0.01924631,0.00594475,0.98448730,0.17429565,-0.47435415,0.17357375,0.01810641,-0.02553384,-0.00319172,-0.63834226,0.50543797,-0.63886070
5.44000000,5.60031366,0.20463637,0.09596429,0.01920845,0.00606596,0.98336893,0.18049867,-0.46598732,0.17720869,0.01775356,-0.02507027,-0.00313377,-0.62675303,0.49886099,-0.62726206
5.46000000,5.59111881,0.20823118,0.09631411,0.01917034,0.00618473,0.98223263,0.18658316,-0.45765707,0.18056092,0.01740341,-0.02462128,-0.00307768,-0.61553425,0.49229577,-0.61603415
5.48000000,5.58208990,0.21188894,0.09665697,0.01913237,0.00630119,0.98107982,0.19255288,-0.44937232,0.18364207,0.01705661,-0.02418711,-0.00302341,-0.60467994,0.48574769,-0.60517102
5.50000000,5.57322598,0.21560442,0.09699295,0.01909438,0.00641540,0.97991180,0.19841152,-0.44114101,0.18646349,0.01671326,-0.02376717,-0.00297092,-0.59418148,0.47922161,-0.59466404
5.52000000,5.56452608,0.21937259,0.09732211,0.01905638,0.00652742,0.97872972,0.20416267,-0.43297026,0.18903627,0.01637356,-0.02336115,-0.00292016,-0.58403081,0.47272196,-0.58450514
5.54000000,5.55598831,0.22318862,0.09764454,0.01901837,0.00663733,0.97753471,0.20980982,-0.42486650,0.19137125,0.01603774,-0.02296874,-0.00287111,-0.57422048,0.46625283,-0.57468683
5.56000000,5.54761124,0.22704795,0.09796032,0.01898038,0.00674520,0.97632772,0.21535647,-0.41683540,0.19347899,0.01570596,-0.02258965,-0.00282373,-0.56474340,0.45981795,-0.56520206
5.58000000,5.53939390,0.23094615,0.09826951,0.01894241,0.00685110,0.97510976,0.22080594,-0.40888208,0.19536977,0.01537837,-0.02222364,-0.00277797,-0.55559307,0.45342076,-0.55604428
5.60000000,5.53133440,0.23487906,0.09857222,0.01890448,0.00695510,0.97388148,0.22616158,-0.40101102,0.19705354,0.01505511,-0.02187046,-0.00273383,-0.54676342,0.44706443,-0.54720753
5.62000000,5.52343130,0.23884267,0.09886854,0.01886657,0.00705727,0.97264379,0.23142663,-0.39322621,0.19854002,0.01473629,-0.02152988,-0.00269125,-0.53824902,0.44075179,-0.53868616
5.64000000,5.51559925,0.24286273,0.09916171,0.01883506,0.00714095,0.97160679,0.23574232,-0.38972983,0.20113817,0.01458344,-0.01764339,-0.00220544,-0.44108644,0.43881497,-0.44144467
5.66000000,5.50791550,0.24689198,0.09944892,0.01880385,0.00722274,0.97057307,0.23996274,-0.38234818,0.20155744,0.01428608,-0.01727316,-0.00215916,-0.43183064,0.43245766,-0.43218136
5.68000000,5.50037766,0.25092730,0.09973025,0.01877294,0.00730269,0.96954322,0.24409059,-0.37507761,0.20182347,0.01399393,-0.01691311,-0.00211415,-0.42282921,0.42615929,-0.42317262
5.70000000,5.49298382,0.25496578,0.10000582,0.01874235,0.00738086,0.96851766,0.24812850,-0.36791930,0.20194462,0.01370699,-0.01656295,-0.00207038,-0.41407534,0.41992155,-0.41441166
5.72000000,5.48573112,0.25900459,0.10027573,0.01871207,0.00745728,0.96749699,0.25207904,-0.36087421,0.20192891,0.01342527,-0.01622244,-0.00202782,-0.40556240,0.41374594,-0.40589181
5.74000000,5.47861767,0.26304117,0.10054008,0.01868211,0.00753203,0.96648157,0.25594464,-0.35394296,0.20178401,0.01314874,-0.01589130,-0.00198643,-0.39728406,0.40763378,-0.39760670
5.76000000,5.47164154,0.26707298,0.10079898,0.01865247,0.00760513,0.96547174,0.25972778,-0.34712595,0.20151731,0.01287740,-0.01556931,-0.00194618,-0.38923413,0.40158620,-0.38955027
5.78000000,5.46479940,0.27109775,0.10105252,0.01862315,0.00767666,0.96446794,0.26343077,-0.34042329,0.20113589,0.01261120,-0.01525622,-0.00190704,-0.38140678,0.39560422,-0.38171655
5.80000000,5.45808983,0.27511325,0.10130083,0.01859415,0.00774664,0.96347046,0.26705596,-0.33383492,0.20064647,0.01235011,-0.01495180,-0.00186899,-0.37379631,0.38968870,-0.37409991
5.82000000,5.45151043,0.27911744,0.10154399,0.01856547,0.00781512,0.96247959,0.27060550,-0.32736054,0.20005555,0.01209409,-0.01465584,-0.00183199,-0.36639729,0.38384035,-0.36669487
5.84000000,5.44505882,0.28310838,0.10178209,0.01853711,0.00788216,0.96149546,0.27408162,-0.32099971,0.19936933,0.01184309,-0.01436813,-0.00179603,-0.35920447,0.37805980,-0.35949621
5.86000000,5.43873262,0.28708422,0.10201526,0.01850906,0.00794778,0.96051836,0.27748641,-0.31475183,0.19859371,0.01159706,-0.01408846,-0.00176107,-0.35221276,0.37234750,-0.35249883
5.88000000,5.43254185,0.29103845,0.10224312,0.01847964,0.00801596,0.95948887,0.28102550,-0.30801594,0.19753417,0.01133292,-0.01464467,-0.00183060,-0.36611810,0.36609015,-0.36641547
5.90000000,5.42647219,0.29497755,0.10246622,0.01845066,0.00808245,0.95847088,0.28447822,-0.30199152,0.19675432,0.01109584,-0.01430304,-0.00178789,-0.35757732,0.36060265,-0.35786775
5.92000000,5.42052126,0.29889968,0.10268465,0.01842212,0.00814728,0.95746458,0.28784698,-0.29607859,0.19588229,0.01086369,-0.01397038,-0.00174631,-0.34926066,0.35517660,-0.34954432
5.94000000,5.41468668,0.30280304,0.10289850,0.01839403,0.00821051,0.95647019,0.29113409,-0.29027647,0.19492416,0.01063639,-0.01364643,-0.00170581,-0.34116194,0.34981278,-0.34143901
5.96000000,5.40896654,0.30668604,0.10310788,0.01836637,0.00827218,0.95548791,0.29434180,-0.28458437,0.19388571,0.01041390,-0.01333096,-0.00166638,-0.33327511,0.34451181,-0.33354577
5.98000000,5.40335894,0.31054717,0.10331289,0.01833916,0.00833234,0.95451790,0.29747233,-0.27900133,0.19277248,0.01019615,-0.01302373,-0.00162798,-0.32559437,0.33927411,-0.32585880
6.00000000,5.39786100,0.31438497,0.10351361,0.01831256,0.00839109,0.95356035,0.30052772,-0.27352628,0.19158971,0.00998316,-0.01272464,-0.00159058,-0.31811407,0.33410013,-0.31837243
6.02000000,5.39247131,0.31819811,0.10371014,0.01828622,0.00844835,0.95261526,0.30351010,-0.26815805,0.19034241,0.00977467,-0.01243322,-0.00155415,-0.31082878,0.32899016,-0.31108120
6.04000000,5.38718700,0.32198542,0.10390257,0.01826030,0.00850422,0.95168281,0.30642143,-0.26289541,0.18903533,0.00957070,-0.01214940,-0.00151867,-0.30373317,0.32394436,-0.30397987
6.06000000,5.38200665,0.32574576,0.10409099,0.01823480,0.00855875,0.95076299,0.30926368,-0.25773701,0.18767299,0.00937117,-0.01187296,-0.00148412,-0.29682219,0.31896290,-0.29706326
6.08000000,5.37692928,0.32947749,0.10427544,0.01820948,0.00861250,0.94984657,0.31206697,-0.25256965,0.18620050,0.00917184,-0.01184165,-0.00148020,-0.29603952,0.31392065,-0.29627997
6.10000000,5.37195206,0.33318031,0.10445601,0.01818438,0.00866536,0.94893605,0.31482476,-0.24762154,0.18478274,0.00898100,-0.01153261,-0.00144157,-0.28831357,0.30909827,-0.28854772
6.12000000,5.36707258,0.33685398,0.10463282,0.01815980,0.00871677,0.94804162,0.31750801,-0.24277496,0.18331374,0.00879448,-0.01123173,-0.00140396,-0.28079158,0.30433691,-0.28101966
6.14000000,5.36228848,0.34049758,0.10480598,0.01813571,0.00876677,0.94716322,0.32011878,-0.23802841,0.18179780,0.00861220,-0.01093878,-0.00136734,-0.27346796,0.29963666,-0.27369007
6.16000000,5.35759735,0.34411022,0.10497554,0.01811212,0.00881540,0.94630086,0.32265916,-0.23338030,0.18023901,0.00843407,-0.01065355,-0.00133169,-0.26633722,0.29499760,-0.26655355
6.18000000,5.35299826,0.34769106,0.10514160,0.01808902,0.00886270,0.94545442,0.32513103,-0.22882904,0.17864119,0.00826001,-0.01037583,-0.00129697,-0.25939411,0.29041976,-0.25960478
6.20000000,5.34848881,0.35123944,0.10530425,0.01806641,0.00890871,0.94462383,0.32753631,-0.22437301,0.17700803,0.00808993,-0.01010540,-0.00126317,-0.25263351,0.28590301,-0.25283870
6.22000000,5.34406662,0.35475466,0.10546355,0.01804427,0.00895347,0.94380903,0.32987687,-0.22001052,0.17534296,0.00792375,-0.00984208,-0.00123026,-0.24605048,0.28144726,-0.24625032
6.24000000,5.33973074,0.35823613,0.10561959,0.01802260,0.00899701,0.94300991,0.33215448,-0.21573986,0.17364925,0.00776140,-0.00958566,-0.00119820,-0.23964016,0.27705231,-0.23983479
6.26000000,5.33547878,0.36168337,0.10577243,0.01800140,0.00903936,0.94222629,0.33437088,-0.21155934,0.17192997,0.00760277,-0.00933597,-0.00116699,-0.23339790,0.27271795,-0.23358746
6.28000000,5.33130932,0.36509585,0.10592216,0.01798065,0.00908056,0.94145811,0.33652773,-0.20746724,0.17018805,0.00744780,-0.00909282,-0.00113660,-0.22731915,0.26844385,-0.22750378
6.30000000,5.32721996,0.36847323,0.10606883,0.01796035,0.00912064,0.94070512,0.33862674,-0.20346183,0.16842622,0.00729639,-0.00885603,-0.00110700,-0.22139953,0.26422971,-0.22157934
6.32000000,5.32320976,0.37181509,0.10621254,0.01794050,0.00915963,0.93996733,0.34066945,-0.19954138,0.16664708,0.00714846,-0.00862544,-0.00107818,-0.21563473,0.26007518,-0.21580987
6.34000000,5.31927633,0.37512112,0.10635334,0.01792108,0.00919757,0.93924445,0.34265742,-0.19570416,0.16485304,0.00700394,-0.00840088,-0.00105011,-0.21002063,0.25597987,-0.21019121
6.36000000,5.31541872,0.37839112,0.10649130,0.01790209,0.00923448,0.93853635,0.34459212,-0.19194846,0.16304642,0.00686275,-0.00818218,-0.00102277,-0.20455317,0.25194335,-0.20471931
6.38000000,5.31163502,0.38162479,0.10662647,0.01788351,0.00927039,0.93784291,0.34647506,-0.18827258,0.16122939,0.00672480,-0.00796918,-0.00099615,-0.19922845,0.24796513,-0.19939026
6.40000000,5.30792379,0.38482201,0.10675894,0.01786536,0.00930533,0.93716383,0.34830764,-0.18467483,0.15940398,0.00659001,-0.00776175,-0.00097022,-0.19404265,0.24404477,-0.19420025
6.42000000,5.30428314,0.38798261,0.10688877,0.01784761,0.00933933,0.93649900,0.35009125,-0.18115352,0.15757208,0.00645832,-0.00755973,-0.00094496,-0.18899207,0.24018174,-0.18914557
6.44000000,5.30071163,0.39110652,0.10701600,0.01783026,0.00937241,0.93584824,0.35182717,-0.17770700,0.15573552,0.00632964,-0.00736297,-0.00092037,-0.18407312,0.23637554,-0.18422262
6.46000000,5.29720831,0.39419362,0.10714070,0.01781331,0.00940459,0.93521130,0.35351676,-0.17433363,0.15389597,0.00620390,-0.00717133,-0.00089641,-0.17928231,0.23262560,-0.17942792
6.48000000,5.29377127,0.39724395,0.10726293,0.01779674,0.00943591,0.93458802,0.35516122,-0.17103179,0.15205503,0.00608103,-0.00698469,-0.00087308,-0.17461623,0.22893140,-0.17475805
6.50000000,5.29039907,0.40025741,0.10738275,0.01778055,0.00946638,0.93397814,0.35676184,-0.16779990,0.15021415,0.00596097,-0.00680290,-0.00085036,-0.17007159,0.22529233,-0.17020972
6.52000000,5.28709078,0.40323412,0.10750021,0.01776473,0.00949603,0.93338156,0.35831979,-0.16463639,0.14837477,0.00584362,-0.00662585,-0.00082822,-0.16564517,0.22170782,-0.16577969
6.54000000,5.28384447,0.40617406,0.10761536,0.01774927,0.00952489,0.93279803,0.35983622,-0.16153970,0.14653815,0.00572894,-0.00645339,-0.00080667,-0.16133384,0.21817729,-0.16146487
6.56000000,5.28065920,0.40907732,0.10772825,0.01773417,0.00955297,0.93222725,0.36131227,-0.15850833,0.14470553,0.00561684,-0.00628542,-0.00078567,-0.15713459,0.21470010,-0.15726221
6.58000000,5.27753401,0.41194400,0.10783894,0.01771943,0.00958030,0.93166912,0.36274901,-0.15554079,0.14287804,0.00550728,-0.00612181,-0.00076522,-0.15304445,0.21127567,-0.15316875
6.60000000,5.27446651,0.41477424,0.10794748,0.01770502,0.00960690,0.93112344,0.36414751,-0.15263562,0.14105676,0.00540018,-0.00596246,-0.00074530,-0.14906055,0.20790334,-0.14918160
6.62000000,5.27145672,0.41756815,0.10805391,0.01769095,0.00963278,0.93058991,0.36550882,-0.14979137,0.13924265,0.00529548,-0.00580724,-0.00072590,-0.14518009,0.20458253,-0.14529800
6.64000000,5.26850271,0.42032591,0.10815828,0.01767721,0.00965797,0.93006831,0.36683393,-0.14700666,0.13743664,0.00519312,-0.00565605,-0.00070700,-0.14140037,0.20131259,-0.14151521
6.66000000,5.26560354,0.42304769,0.10826064,0.01766380,0.00968248,0.92955858,0.36812383,-0.14428009,0.13563961,0.00509304,-0.00550878,-0.00068859,-0.13771872,0.19809288,-0.13783057
6.68000000,5.26275778,0.42573366,0.10836103,0.01765070,0.00970634,0.92906034,0.36937943,-0.14161034,0.13385233,0.00499519,-0.00536534,-0.00067066,-0.13413259,0.19492278,-0.13424154
6.70000000,5.25996494,0.42838404,0.10845950,0.01763791,0.00972956,0.92857343,0.37060168,-0.13899606,0.13207556,0.00489950,-0.00522561,-0.00065320,-0.13063948,0.19180162,-0.13074557
6.72000000,5.25722361,0.43099904,0.10855608,0.01762543,0.00975215,0.92809767,0.37179151,-0.13643599,0.13030997,0.00480592,-0.00508951,-0.00063618,-0.12723693,0.18872881,-0.12734027
6.74000000,5.25453281,0.43357891,0.10865082,0.01761324,0.00977415,0.92763287,0.37294972,-0.13392885,0.12855619,0.00471441,-0.00495693,-0.00061961,-0.12392260,0.18570368,-0.12402325
6.76000000,5.25189114,0.43612391,0.10874376,0.01760134,0.00979555,0.92717880,0.37407720,-0.13147342,0.12681481,0.00462489,-0.00482780,-0.00060347,-0.12069417,0.18272559,-0.12079220
6.78000000,5.24929762,0.43863428,0.10883494,0.01758973,0.00981639,0.92673522,0.37517479,-0.12906849,0.12508637,0.00453734,-0.00470200,-0.00058775,-0.11754939,0.17979394,-0.11764486
6.80000000,5.24675179,0.44111025,0.10892440,0.01757840,0.00983667,0.92630190,0.37624323,-0.12671289,0.12337135,0.00445169,-0.00457947,-0.00057243,-0.11448608,0.17690806,-0.11457906
6.82000000,5.24425220,0.44355214,0.10901218,0.01756734,0.00985640,0.92587876,0.37728336,-0.12440545,0.12167022,0.00436790,-0.00446011,-0.00055751,-0.11150212,0.17406733,-0.11159267
6.84000000,5.24179745,0.44596013,0.10907751,0.01430068,0.01124344,0.92552114,0.37825876,-0.12219023,0.11997449,0.00307694,-0.00380143,-0.00108612,-0.10861170,0.17127113,-0.10868362
6.86000000,5.23938704,0.44833452,0.10913813,0.01428870,0.01125867,0.92511767,0.37924445,-0.11997482,0.11830215,0.00301612,-0.00370259,-0.00105787,-0.10578766,0.16851841,-0.10585773
6.88000000,5.23702002,0.45067570,0.10919756,0.01427701,0.01127349,0.92472368,0.38020408,-0.11780430,0.11664486,0.00295673,-0.00360631,-0.00103037,-0.10303676,0.16580898,-0.10310500
6.90000000,5.23469591,0.45298395,0.10925582,0.01426561,0.01128791,0.92433900,0.38113838,-0.11567764,0.11500291,0.00289871,-0.00351252,-0.00100357,-0.10035707,0.16314223,-0.10042354
6.92000000,5.23239756,0.45527583,0.10931335,0.01425449,0.01130194,0.92396343,0.38204798,-0.11487202,0.11465234,0.00287402,-0.00342124,-0.00097749,-0.09774917,0.16232376,-0.09781390
6.94000000,5.23010302,0.45757228,0.10937069,0.01424365,0.01131561,0.92359668,0.38293374,-0.11465848,0.11487881,0.00286428,-0.00333307,-0.00095230,-0.09523012,0.16233273,-0.09529319
6.96000000,5.22781324,0.45987317,0.10942783,0.01423307,0.01132891,0.92323852,0.38379651,-0.11444975,0.11509889,0.00285478,-0.00324806,-0.00092801,-0.09280114,0.16234115,-0.09286260
6.98000000,5.22552729,0.46217835,0.10948478,0.01422275,0.01134187,0.92288858,0.38463712,-0.11424568,0.11531281,0.00284550,-0.00316610,-0.00090459,-0.09045944,0.16234906,-0.09051935
7.00000000,5.22324514,0.46448773,0.10954156,0.01421267,0.01135449,0.92254674,0.38545638,-0.11404614,0.11552084,0.00283643,-0.00308710,-0.00088202,-0.08820238,0.16235650,-0.08826080
7.02000000,5.22096729,0.46680120,0.10959815,0.01420284,0.01136679,0.92221260,0.38625512,-0.11385099,0.11572320,0.00282758,-0.00301098,-0.00086027,-0.08602743,0.16236348,-0.08608440
